-- MySQL dump 10.13  Distrib 8.0.34, for macos13 (arm64)
--
-- Host: localhost    Database: justwatch
-- ------------------------------------------------------
-- Server version	8.0.34

/*!40101 SET @OLD_CHARACTER_SET_CLIENT=@@CHARACTER_SET_CLIENT */;
/*!40101 SET @OLD_CHARACTER_SET_RESULTS=@@CHARACTER_SET_RESULTS */;
/*!40101 SET @OLD_COLLATION_CONNECTION=@@COLLATION_CONNECTION */;
/*!50503 SET NAMES utf8 */;
/*!40103 SET @OLD_TIME_ZONE=@@TIME_ZONE */;
/*!40103 SET TIME_ZONE='+00:00' */;
/*!40014 SET @OLD_UNIQUE_CHECKS=@@UNIQUE_CHECKS, UNIQUE_CHECKS=0 */;
/*!40014 SET @OLD_FOREIGN_KEY_CHECKS=@@FOREIGN_KEY_CHECKS, FOREIGN_KEY_CHECKS=0 */;
/*!40101 SET @OLD_SQL_MODE=@@SQL_MODE, SQL_MODE='NO_AUTO_VALUE_ON_ZERO' */;
/*!40111 SET @OLD_SQL_NOTES=@@SQL_NOTES, SQL_NOTES=0 */;

--
-- Table structure for table `access`
--

DROP TABLE IF EXISTS `access`;
/*!40101 SET @saved_cs_client     = @@character_set_client */;
/*!50503 SET character_set_client = utf8mb4 */;
CREATE TABLE `access` (
  `user_id` int NOT NULL,
  `media_id` varchar(50) NOT NULL,
  `dateAndTime` datetime NOT NULL,
  `serviceID` varchar(50) DEFAULT NULL,
  PRIMARY KEY (`user_id`,`media_id`,`dateAndTime`),
  KEY `media_id` (`media_id`),
  KEY `serviceID` (`serviceID`),
  CONSTRAINT `access_ibfk_1` FOREIGN KEY (`user_id`) REFERENCES `user` (`id`),
  CONSTRAINT `access_ibfk_2` FOREIGN KEY (`media_id`) REFERENCES `media` (`id`),
  CONSTRAINT `access_ibfk_3` FOREIGN KEY (`serviceID`) REFERENCES `streamingServices` (`id`)
) ENGINE=InnoDB DEFAULT CHARSET=utf8mb4 COLLATE=utf8mb4_0900_ai_ci;
/*!40101 SET character_set_client = @saved_cs_client */;

--
-- Dumping data for table `access`
--

LOCK TABLES `access` WRITE;
/*!40000 ALTER TABLE `access` DISABLE KEYS */;
INSERT INTO `access` VALUES (1,'M1','2023-11-20 08:00:00','SS1'),(5,'M3','2023-12-04 12:00:00','SS1'),(8,'T14','2023-12-13 18:15:00','SS1'),(11,'T15','2023-12-22 11:30:00','SS1'),(15,'M1','2024-01-03 15:30:00','SS1'),(18,'T3','2024-01-12 23:45:00','SS1'),(21,'M27','2024-01-21 09:00:00','SS1'),(2,'T16','2023-11-25 10:00:00','SS10'),(5,'T18','2023-12-03 23:45:00','SS10'),(9,'M18','2023-12-15 16:45:00','SS10'),(11,'M11','2023-12-21 22:15:00','SS10'),(20,'M4','2024-01-17 13:00:00','SS10'),(3,'M25','2023-11-28 07:30:00','SS11'),(6,'M9','2023-12-06 10:30:00','SS11'),(10,'T17','2023-12-18 15:30:00','SS11'),(13,'M8','2023-12-27 20:45:00','SS11'),(16,'M10','2024-01-05 12:00:00','SS11'),(19,'T1','2024-01-15 11:30:00','SS11'),(24,'M22','2024-01-29 12:00:00','SS11'),(2,'T10','2023-11-23 14:15:00','SS2'),(4,'T8','2023-12-01 21:15:00','SS2'),(7,'M23','2023-12-09 09:15:00','SS2'),(10,'M7','2023-12-19 21:45:00','SS2'),(13,'T13','2023-12-28 09:00:00','SS2'),(14,'M24','2023-12-30 21:30:00','SS2'),(16,'M30','2024-01-06 18:15:00','SS2'),(17,'M14','2024-01-08 15:45:00','SS2'),(20,'M20','2024-01-18 08:15:00','SS2'),(22,'M19','2024-01-23 21:30:00','SS2'),(23,'M12','2024-01-27 15:30:00','SS2'),(24,'T10','2024-01-30 18:15:00','SS2'),(25,'M7','2024-02-01 15:45:00','SS2'),(3,'M7','2023-11-26 16:45:00','SS3'),(6,'M17','2023-12-07 14:45:00','SS3'),(9,'T1','2023-12-16 23:00:00','SS3'),(12,'M21','2023-12-25 08:15:00','SS3'),(19,'T14','2024-01-13 17:00:00','SS3'),(4,'T3','2023-11-29 09:45:00','SS4'),(8,'T20','2023-12-11 21:45:00','SS4'),(12,'M26','2023-12-23 19:45:00','SS4'),(15,'M15','2024-01-01 18:00:00','SS4'),(18,'T8','2024-01-10 12:15:00','SS4'),(21,'M16','2024-01-19 14:30:00','SS4'),(23,'M25','2024-01-25 18:00:00','SS4'),(1,'T5','2023-11-21 12:30:00','SS5'),(9,'T12','2023-12-14 10:30:00','SS5'),(2,'M20','2023-11-24 20:30:00','SS6'),(5,'M30','2023-12-02 17:30:00','SS6'),(7,'M16','2023-12-10 15:30:00','SS6'),(11,'T4','2023-12-20 17:00:00','SS6'),(14,'T7','2023-12-31 12:45:00','SS6'),(16,'T19','2024-01-04 21:45:00','SS6'),(17,'M17','2024-01-09 22:00:00','SS6'),(20,'T9','2024-01-16 19:45:00','SS6'),(22,'T5','2024-01-24 12:45:00','SS6'),(24,'T15','2024-01-28 21:45:00','SS6'),(25,'M18','2024-02-02 22:00:00','SS6'),(3,'T15','2023-11-27 22:00:00','SS7'),(6,'T6','2023-12-05 18:15:00','SS7'),(10,'M2','2023-12-17 09:15:00','SS7'),(13,'T5','2023-12-26 14:30:00','SS7'),(19,'M23','2024-01-14 22:15:00','SS7'),(4,'M14','2023-11-30 15:00:00','SS8'),(7,'T9','2023-12-08 20:00:00','SS8'),(14,'T16','2023-12-29 15:15:00','SS8'),(17,'T18','2024-01-07 09:30:00','SS8'),(22,'T2','2024-01-22 15:15:00','SS8'),(25,'T17','2024-01-31 09:30:00','SS8'),(1,'M12','2023-11-22 18:45:00','SS9'),(8,'M5','2023-12-12 12:00:00','SS9'),(12,'T11','2023-12-24 13:00:00','SS9'),(15,'T10','2024-01-02 09:15:00','SS9'),(18,'M9','2024-01-11 18:30:00','SS9'),(21,'T12','2024-01-20 20:45:00','SS9'),(23,'T7','2024-01-26 09:15:00','SS9');
/*!40000 ALTER TABLE `access` ENABLE KEYS */;
UNLOCK TABLES;

--
-- Table structure for table `audioSubs`
--

DROP TABLE IF EXISTS `audioSubs`;
/*!40101 SET @saved_cs_client     = @@character_set_client */;
/*!50503 SET character_set_client = utf8mb4 */;
CREATE TABLE `audioSubs` (
  `media_id` varchar(50) NOT NULL,
  `lang` varchar(50) NOT NULL,
  PRIMARY KEY (`media_id`,`lang`),
  CONSTRAINT `audiosubs_ibfk_1` FOREIGN KEY (`media_id`) REFERENCES `media` (`id`)
) ENGINE=InnoDB DEFAULT CHARSET=utf8mb4 COLLATE=utf8mb4_0900_ai_ci;
/*!40101 SET character_set_client = @saved_cs_client */;

--
-- Dumping data for table `audioSubs`
--

LOCK TABLES `audioSubs` WRITE;
/*!40000 ALTER TABLE `audioSubs` DISABLE KEYS */;
/*!40000 ALTER TABLE `audioSubs` ENABLE KEYS */;
UNLOCK TABLES;

--
-- Table structure for table `castMember`
--

DROP TABLE IF EXISTS `castMember`;
/*!40101 SET @saved_cs_client     = @@character_set_client */;
/*!50503 SET character_set_client = utf8mb4 */;
CREATE TABLE `castMember` (
  `member_id` varchar(50) NOT NULL,
  `fname` varchar(50) DEFAULT NULL,
  `lname` varchar(50) DEFAULT NULL,
  PRIMARY KEY (`member_id`)
) ENGINE=InnoDB DEFAULT CHARSET=utf8mb4 COLLATE=utf8mb4_0900_ai_ci;
/*!40101 SET character_set_client = @saved_cs_client */;

--
-- Dumping data for table `castMember`
--

LOCK TABLES `castMember` WRITE;
/*!40000 ALTER TABLE `castMember` DISABLE KEYS */;
INSERT INTO `castMember` VALUES ('C1','Chris','Columbus'),('C10','William','Sadler'),('C100','Matthew','Davis'),('C101','Selma','Blair'),('C102','Ruija','Wang'),('C103','Joe','Johnston'),('C104','Robin','Williams'),('C105','Kristen','Dunst'),('C106','Bradley','Pierce'),('C107','Bonnie','Hunt'),('C108','Shawn','Levy'),('C109','Ben','Stiller'),('C11','Stephan','Chbosky'),('C110','Carla','Gugino'),('C111','Dick van','Dyke'),('C112','Mickey','Rooney'),('C113','Michael','Dougherty'),('C114','Brian','Cox'),('C115','Quinn','Lord'),('C116','Anna','Paquin'),('C117','Dylan','Baker'),('C118','Sean S.','Cunningham'),('C119','Jeannine','Taylor'),('C12','Logan','Lerman'),('C120','Laurie','Bertram'),('C121','Harry','Cosby'),('C122','Robbie','Morgan'),('C123','Clyde','Geronimi'),('C124','Mary','Costa'),('C125','Bill','Shirely'),('C126','Eleanor','Audley'),('C127','Verna','Fulton'),('C128','Matthew','O’Callaghan'),('C129','Will','Ferrel'),('C13','Emma','Watson'),('C130','Drew','Barrymore'),('C131','David','Cross'),('C132','Eugene','Levy'),('C133','Robert','Zemrckis'),('C134','Tom','Hanks'),('C135','Leslie','Zebecks'),('C136','Eddie','Deepen'),('C137','Nona','Gaye'),('C138','Andy','Musgietti'),('C139','Ezra','Miller'),('C14','Ezra','Miller'),('C140','Sasha','Calle'),('C141','Michael','Keaton'),('C142','Michael','Shannon'),('C143','Mark','Myeloid'),('C144','Anya','Taylor-joy'),('C145','Ralph','Fiennes'),('C146','Nicholas','Hoult'),('C147','Janet','Mcteer'),('C148','Bryan','Cranston'),('C149','Aaron','Paul'),('C15','Mae','Whiteman'),('C150','Anna','Gunn'),('C151','Dean','Norris'),('C152','Peter','Drinklage'),('C153','Kit','Harington'),('C154','Nikolaj','Coster-Waldau'),('C155','Lena','Headey'),('C156','Ellna','Pompeo'),('C157','Chandra','Wilson'),('C158','James','Picken Jr.'),('C159','Kevin','McKidd'),('C16','Lana','Wachowski'),('C160','Millie','Bobby Brown'),('C161','David','Harbour'),('C162','Joey','Keery'),('C163','Winona','Ryder'),('C164','Jennifer','Aniston'),('C165','Courteney','Cox'),('C166','Lisa','Kurdrow'),('C167','Matt','LeBlanc'),('C168','Dan','Castellaneta'),('C169','Julie','Kavner'),('C17','Keanu','Reeves'),('C170','Nancy','Cartwright'),('C171','Yeardley','Smith'),('C172','Trey','Parker'),('C173','Matt','Stone'),('C174','Mona','Marshall'),('C175','Chase','Stokes'),('C176','Madelyn','Cline'),('C177','Madison','Bailey'),('C178','Jonathan','Daviss'),('C179','Zendaya',NULL),('C18','Carrie-Anne','Moss'),('C180','Maude','Apatow'),('C181','Angus','Cloud'),('C182','Eric','Dane'),('C183','Lola','Tung'),('C184','Christopher','Briney'),('C185','Gavin','Casalegno'),('C186','Sean','Kaufamn'),('C187','Johnny','Galecki'),('C188','Jim','Parsons'),('C189','Kaley','Cuoco'),('C19','Yahya','Abdul-Mateen II'),('C190','Simon','Helberg'),('C191','Blake','Lively'),('C192','Leighton','Meester'),('C193','Penn','Badgley'),('C194','Chace','Crawford'),('C195','Ian','Cardoni'),('C196','Chris','Parnell'),('C197','Spencer','Grammer'),('C198','Sarah','Chalke'),('C199','Cillian','Murphy'),('C2','Daniel','Radcliffe'),('C20','Jonathan','Groff'),('C200','Paul','Anderson'),('C201','Sophie','Rundle'),('C202','Natasha','OKeeffe'),('C203','Pedro','Pascal'),('C204','Katee','Sackhoff'),('C207','Henry','Cavill'),('C208','Anya','Chalotra'),('C209','Freya','Allan'),('C21','James','Cameron'),('C210','Joey','Batey'),('C211','Caitriona','Balfe'),('C212','Sam','Heughan'),('C213','Sophie','Skelton'),('C214','Richard','Rankin'),('C215','Rowan','Blanchard'),('C216','Ben','Savage'),('C217','Sabrina','Carpenter'),('C218','Danielle','Fishel'),('C219','Miranda','Cosgrove'),('C22','Leonardo','DiCaprio'),('C220','Jerry','Trainor'),('C221','Nathan','Kress'),('C222','Jennette','McCurdy'),('C223','Victoria','Justice'),('C224','Leon','Thomas III'),('C225','Matt','Bennett'),('C226','Elizabeth','Gillies'),('C227','Greta','Gerwig'),('C228','Margot','Robbie'),('C229','Ryan','Gosling'),('C23','Kate','Winslet'),('C230','America','Ferrera'),('C231','Kate','McKinnnon'),('C232','Rachel','McAdams'),('C233','Ryan','Gosling'),('C234','Gena','Rowlands'),('C235','James','Garner'),('C236','John','Requa'),('C237','Steve','Carell'),('C238','Ryan','Gosling'),('C239','Julianne','Moore'),('C24','Billy','Zane'),('C240','Emma','Stone'),('C25','Kathy','Bates'),('C26','Collin','Trevorrow'),('C27','Chris','Pratt'),('C28','Bryce','Howard'),('C29','Ty','Simpkins'),('C3','Rupert','Grint'),('C30','Nick','Robinson'),('C31','Melanie','Mayron'),('C32','Meaghan','Martin'),('C33','Jennifer','Stone'),('C34','Maiara','Walsh'),('C35','Nicole','Anderson'),('C36','Josh','Boone'),('C37','Shailene','Woodley'),('C38','Ansel','Elgort'),('C39','Nat','Wolff'),('C4','Emma','Watson'),('C40','Lauren','Dern'),('C41','Susan','Johnson'),('C42','Lana','Condor'),('C43','Noah','Centineo'),('C44','Janel','Parrish'),('C45','Anna','Cathcart'),('C46','Martin','Scorsese'),('C47','Leonardo','DiCaprio'),('C48','Jonah','Hill'),('C49','Margot','Robbie'),('C5','Richard','Harris'),('C50','Matthew','McConaughey'),('C51','Damien','Chazelle'),('C52','Ryan','Gosling'),('C53','Emma','Stone'),('C54','John','Legend'),('C55','Rosemarie','DeWitt'),('C56','Rob','Reiner'),('C57','Cary','Elwes'),('C58','Robin','Wright'),('C59','Mandy','Patinkin'),('C6','Frank','Darabont'),('C60','Chris','Sarandon'),('C61','Scott','Moiser'),('C62','Yarrow','Cheney'),('C63','Benedict','Cumberbatch'),('C64','Rashida','Jones'),('C65','Kenan','Thompson'),('C66','Cameron','Seely'),('C67','Lynne','Ramsay'),('C68','Joaquin','Phoenix'),('C69','Judith','Roberts'),('C7','Tim','Robbins'),('C70','Ekaterina','Samson'),('C71','John','Doman'),('C72','Christopher','Nolan'),('C73','Matthew','McConaughey'),('C74','Anne','Hathaway'),('C75','Jessica','Chastain'),('C76','Michael','Caine'),('C78','Mel','Gibson'),('C79','Catherine','McCormack'),('C8','Morgan','Freeman'),('C80','Sophia','Marceau'),('C81','Patrick','McGoohan'),('C82','Denis','Villeneuve'),('C83','Timothee','Chalamet'),('C84','Rebecca','Ferguson'),('C85','Oscar','Isaac'),('C86','Josh','Brolin'),('C87','Mel','Stuart'),('C88','Gene','Wilder'),('C89','Peter','Ostrum'),('C9','Bob','Gunton'),('C90','Jack','Albertson'),('C91','Roy','Kinnear'),('C92','David','Frankel'),('C93','Anne','Hathaway'),('C94','Meryl','Streep'),('C95','Emily','Blunt'),('C96','Stanley','Tucci'),('C97','Robert','Luketic'),('C98','Reese','Witherspoon'),('C99','Luke','Wilson');
/*!40000 ALTER TABLE `castMember` ENABLE KEYS */;
UNLOCK TABLES;

--
-- Table structure for table `competitors`
--

DROP TABLE IF EXISTS `competitors`;
/*!40101 SET @saved_cs_client     = @@character_set_client */;
/*!50503 SET character_set_client = utf8mb4 */;
CREATE TABLE `competitors` (
  `sport_id` varchar(50) NOT NULL,
  `competitor` varchar(70) NOT NULL,
  PRIMARY KEY (`sport_id`,`competitor`),
  CONSTRAINT `competitors_ibfk_1` FOREIGN KEY (`sport_id`) REFERENCES `sports` (`id`)
) ENGINE=InnoDB DEFAULT CHARSET=utf8mb4 COLLATE=utf8mb4_0900_ai_ci;
/*!40101 SET character_set_client = @saved_cs_client */;

--
-- Dumping data for table `competitors`
--

LOCK TABLES `competitors` WRITE;
/*!40000 ALTER TABLE `competitors` DISABLE KEYS */;
INSERT INTO `competitors` VALUES ('S1','Buffalo Bills'),('S1','Miami Dolphins'),('S10','Barty'),('S10','Osaka'),('S11','Federer'),('S11','Medvedev'),('S12','Andreescu'),('S12','Williams'),('S13','Manchester City'),('S13','Manchester United'),('S14','Barcelona'),('S14','Real Madrid'),('S15','Bayern Munich'),('S15','Borussia Dortmund'),('S16','AC Milan'),('S16','Inter Milan'),('S17','Chicago White Sox'),('S17','Cincinnati Reds'),('S18','Detroit Tigers'),('S18','Minnesota Twins'),('S19','Houston Astros'),('S19','Miami Marlins'),('S2','New York Jets'),('S2','Philadelphia Eagles'),('S20','Los Angeles Dodgers'),('S20','San Fransisco Giants'),('S21','Carolina Hurricanes'),('S21','New Jersey Devils'),('S22','Florida Panthers'),('S22','Ottawa Senators'),('S23','Arizona Coyotes'),('S23','New York Rangers'),('S24','Dallas Stars'),('S24','Seattle Kraken'),('S3','Dallas Cowboys'),('S3','Detroit Lions'),('S4','Chicago Bears'),('S4','Cleveland Browns'),('S5','Golden State Warriors'),('S5','Los Angeles Lakers'),('S6','Duke'),('S6','North Carolina'),('S7','CSKA Moscow'),('S7','Real Madrid'),('S8','Brooklyn Nets'),('S8','Milwaukee Bucks'),('S9','Djokovic'),('S9','Nadal');
/*!40000 ALTER TABLE `competitors` ENABLE KEYS */;
UNLOCK TABLES;

--
-- Table structure for table `episode`
--

DROP TABLE IF EXISTS `episode`;
/*!40101 SET @saved_cs_client     = @@character_set_client */;
/*!50503 SET character_set_client = utf8mb4 */;
CREATE TABLE `episode` (
  `tv_id` varchar(50) NOT NULL,
  `seasonNum` varchar(10) NOT NULL,
  `episodeNum` varchar(50) NOT NULL,
  `title` varchar(30) DEFAULT NULL,
  `synopsis` text,
  PRIMARY KEY (`tv_id`,`seasonNum`,`episodeNum`),
  CONSTRAINT `episode_ibfk_1` FOREIGN KEY (`tv_id`, `seasonNum`) REFERENCES `season` (`tv_id`, `seasonNum`)
) ENGINE=InnoDB DEFAULT CHARSET=utf8mb4 COLLATE=utf8mb4_0900_ai_ci;
/*!40101 SET character_set_client = @saved_cs_client */;

--
-- Dumping data for table `episode`
--

LOCK TABLES `episode` WRITE;
/*!40000 ALTER TABLE `episode` DISABLE KEYS */;
INSERT INTO `episode` VALUES ('T1','2','1','Seven Thirty-Seven','Walt and Jesse are vividly reminded of Tuco’s volatile nature, and try to figure a way out of their business partnership. \nHank attempts to mend fences between the estranged Marie and Skyler.'),('T1','4','1','Box Cutter','Walt and Jesse face the deadly consequences of their actions. Skyler deals with a puzzling disappearance, as Marie struggles\n to help Hank with his recovery.'),('T1','4','3','Open House','Events spiral out of control at Jesse’s place. Skyler reluctantly asks for Saul’s help. Marie returns to an old pastime\n and a friend asks Hank for help.'),('T10','1','1','Summer House','It’s the first real day of summer: the day Belly, her brother Steven, and her mother Laurel head to Cousins beach to stay with Susannah Fisher,\n who’s like Belly’s second mother, and her boys, Conrad and Jeremiah. Belly’s been going to Cousins since she before was born, but something about\n this summer feels different for Belly. And if the first night is any indication, she’s right.'),('T10','2','6','Love Fest','As their time in Cousins winds down, Belly finds herself wondering: What Would Susannah Do? Throw a massive party, obviously. But will the festivities\n bring them the closure they need, or just stir up new problems for everyone?'),('T10','2','7','Love Affair','Some hangovers are worse than others. Belly wakes up to a reminder of the mistakes she made last night. But is it too late to fix everything?'),('T11','10','5','The Hot Tub Contamination','Leonard and Penny must separate a quarreling Sheldon and Amy when their cohabitation does not go as planned, and Sheldon threatens to break off their relationship when\n Amy refuses to adhere to the bathroom schedule. Also, Howard and Bernadette find unexpected guests at their house when they decide to stay home from a planned vacation.'),('T11','11','4','The Explosion Implosion','As Howard worries about fatherhood, he and Sheldon bond when they jointly assemble a model rocket. Meanwhile, Penny bonds with Leonard\'s mother, Beverly, much to his concern.'),('T11','6','17','The Monster Isolation','After a bad date, Koothrappali decides to never leave his apartment; Penny\'s acting skills impress Sheldon.'),('T12','2','7','Chuck in real Life','Vanessa uses the scandalous picture of Catherine and Marcus to blackmail Blair into being a nicer person, so Blair seeks revenge by enticing Chuck to seduce Vanessa.\n Lily and Bart throw an extravagant housewarming party and expect their children to make them proud in front of the attending press, but a rebellious Serena isn\'t ready\n to play by their rules. Meanwhile, Dan and Jenny discover a big secret that Nate has been keeping from his friends.'),('T12','4','6','Easy J','Although Blair made it perfectly clear that Little J was no longer welcome in Manhattan after what happened with Chuck, Jenny\n is tempted by a once-in-a-lifetime opportunity to meet Tim Gunn, which could be a game changer for her future. Meanwhile, Serena discovers something about her new boyfriend,\n Colin, that may put an end to their relationship just as it was getting good.'),('T12','6','5','Monstrous Ball','After Eleanor gives Blair an ultimatum, Blair is even more determined to remedy Waldorf Designs’ problems by making a splash with a dress at the upcoming Cotillion, but a shocking\n revelation at the ball affects everyone. Serena becomes worried about Steven’s attitude toward her, but after some investigating she discovers the surprising reason why. Chuck\n finds an unlikely ally as he tries to drive a wedge between Bart and Lily’s relationship to help expose his father’s secret. Meanwhile, Dan publishes another article, but the\n effect is just the opposite of what he was hoping for.'),('T13','2','4','Total Rickall','Trapped inside the house with an ever-increasing number of parasitic alien shape-shifters capable of altering memories, an uncertain Rick and the Smiths search for a way to determine\n which of them are real.'),('T13','4','7','Promortyus','Rick and Morty find themselves in a fight against face-hugging aliens who just happen to have an M&Ms store.'),('T13','7','4','That’s Amorte','Rick shares his secret recipe with the family.'),('T14','3','4','Episode 4','Tommy takes his brothers on a hunting expedition and shares some important family news. He also outlines his intentions for the most daring criminal act the \nPeaky Blinders have ever undertaken.'),('T14','4','3','Blackbird','Tradition weighs upon Arthur as Changretta finds a chink in the Shelby armour and Changretta continues to plan ways to continue the vendetta in the most devastating way possible.'),('T14','4','4','Dangerous','The Peaky Blinders are lured by the Italians into a cat-and-mouse chase on the streets of Birmingham. As his factory lies idle, Tommy confronts the possibility that the Communists\n might win and he will be deemed a traitor to his class.'),('T15','1','3','Chapter 3: The Sin','The battered Mandalorian returns to his client for reward.'),('T15','1','4','Chapter 4: Sanctuary','The Mandalorian teams up with an ex-soldier to protect a village from raiders.'),('T15','3','5','Chapter 21: The Pirate','The people of Nevarro need protection from rampant pirate attacks.'),('T16','1','8','Much More','A terrifying pack of foes lays Geralt low. Yennefer and her fellow mages prepare to fight back. A shaken Ciri depends on the kindness of a stranger.'),('T16','3','3','Reunion','Geralt seeks magical help from a family friend as Ciri and Yennefer clash over plans for the future. Philippa and Dijkstra scheme to get Vizimir in line.'),('T16','3','4','The Invitation','Yennefer pitches a bold idea to the Brotherhood, Geralt strikes a dangerous deal with a ferryman, and Triss digs into the mystery of the missing novices.'),('T17','2','1','Through a Glass, Darkly','Returning to her own time, Claire must reconcile her future with the life she left behind. Shifting back to 18th century, Jamie, Claire and Murtagh arrive in France,\n but learn that Paris presents its own challenges.'),('T17','2','13','Dragonfly in Amber','In the present, Claire reveals the truth to her daughter, Brianna. In the 18th century, Jamie does everything he can to save his loved ones as the Battle of Culloden begins.'),('T17','7','5','Singapore','At Ticonderoga, Jamie and Claire prepare for an imminent British assault. Roger compiles information about time travel while Brianna earns the respect of her coworkers.'),('T18','1','5','Girl Meets the Truth','After Cory teaches a lesson on truth, Riley and Maya struggle with whether or not it was right to lie to Farkle\n and tell him he’s a good actor and if Maya should keep the locket she found, even though it doesnt belong to her.'),('T18','2','17','Girl Meets Rileytown','After Maya hurts Rileys feelings, the group learns that Riley is overly sensitive because another classmate is making fun of her. Rileys friends encourage her to like herself\n for who she is.'),('T18','3','3','Girl Meets Jexica','Rileys worried that her new classmates dont like the real her, so she invents an online alter-ego named Jexica; Cory and Topanga face Auggies internet usage.'),('T19','2','5','iGo To Japan (1)','Carly, Sam, Freddie, and Spencer travel to Japan after the show is nominated for a prestigious iWeb award. However, the residents of Japan sabotage the gang and it\'s up to Carly to stop \nthem. They were asked to be kidnapped by the competing web show cast.'),('T19','5','2','iDate Sam & Freddie','Carly settles a disagreement between Sam and Freddie, and soon they rely on her to play peacemaker.'),('T19','5','3','iCan’t Take It','Gibby wants to sabotage Sam and Freddie\'s romance, and Carly is torn about whether to help him.'),('T2','6','4','Book of the Stranger','Tyrion strikes a deal. Jorah and Daario undertake a difficult task. Jaime and Cersei try to improve their situation.'),('T2','6','5','The Door','Tyrion seeks a strange ally. Bran learns a great deal. Brienne goes on a mission. Arya is given a chance to prove herself.'),('T2','8','6','The Iron Throne','In the aftermath of the devastating attack on King\'s Landing, Daenerys must face the survivors.'),('T20','3','2','The Gorilla Club','After being told to take more risks, Tori goes to a dangerous underground club called the Gorilla Club which includes doing potentially life-threatening activities. Meanwhile, Andre and \nRobbie are forced to dance like \"M.C. Hammer\" in front of Jade after losing to her in poker.'),('T20','3','5','Car, Rain & Fire','Cat talks Tori and Jade into holding a vigil when her favorite actress dies; Trina directs a play.'),('T20','4','11','The Slap Fight','Tori and the gang are caught up in a competition to see who can get the most followers on The Slap.'),('T3','11','14','The Distance','In this Amelia-centric episode, Amelia engages in the surgery of a lifetime as a crowd of doctors look on from the gallery.\n With Stephanie by her side, she begins operating on Dr. Herman, but quickly realizes its far more difficult than she\n anticipated. Meanwhile, Bailey becomes skeptical when Arizona takes on one of Herman’s cases'),('T3','11','18','When I Grow Up','A school field trip to the hospital takes a dramatic turn when the kids witness two injured cops enter the emergency room.\n Meanwhile, Stephanie sets her eyes on one of the chaperons, Callie operates on the leg of the police captain and Amelia\n must face her feelings for Owen'),('T3','11','3','Got to Be Real','Owen tries to get Callie to help Veterans Hospital patients with the robotic limb lab. Alex and Meredith\'s friendship makes Jo jealous.\n Alex and Bailey prepare to go in front of the board.'),('T3','11','5','Bend and Break','Callie and Arizona examine their marital problems and what\'s contributed to them. Meanwhile, Callie devotes herself to the veterans\'\n project, Arizona strives to impress Dr. Herman, and Richard seeks guidance from Bailey.'),('T3','9','1','Going Going Gone','The doctors of Seattle Grace are faced with the aftermath of last season\'s plane crash. As they try to move on with their lives, \n they must learn to adapt to the changes, cope with their losses and move forward with their relationships and careers.'),('T3','9','8','Love Turns You Upside Down','The new batch of interns find themselves involved in all the drama at Seattle Grace: Meredith asks Heather to go above and beyond\n to help fix Dereks hand; Cristina starts a healthy competition between Stephanie and Leah, which inadvertently leads to a medical\n emergency for Cristinas patient; Alex sees Jo in a new light as they work to save a babys life, and April teaches Shane\n a valuable lesson during \"lumps and bumps\" duty'),('T4','2','5','Chapter Five: Dig Dug','Nancy and Jonathan swap conspiracy theories with a new ally as Eleven searches for someone from her past. “Bob the Brain” tackles a difficult problem.'),('T4','4','4','Chapter Four: Dear Billy','Max is in grave danger... and running out of time. A patient at Pennhurst asylum has visitors. Elsewhere, in Russia, Hopper is hard at work.'),('T4','4','6','Chapter Six: The Dive','Behind the Iron Curtain, a risky rescue mission gets underway. The California crew seeks help from a hacker. Steve takes one for the team.'),('T5','1','1','Pilot','An introduction to the gang. After Rachel leaves her fiancé at the altar, she moves in with Monica and finds that independence is not so easy,\n particularly without Daddy\'s credit cards.'),('T5','6','1','The One After Vegas','Ross and Rachel experience the world’s worst hangover when they realize they’ve gotten married.  Chandler and Monica back away from their\n own altar plans.  Phoebe and Joey head back to New York in the taxi cab.'),('T5','9','4','The One with the Sharks','Phoebe has a talk with Ross that prompts her to realize that she\'s never had a long term relationship. Monica makes a startling discovery\n while visiting Chandler in Tulsa. Joey\'s date\'s apartment seems really familiar, although he doesn\'t remember sleeping with her before.'),('T6','30','1','Bart’s Not Dead','\nBart takes a dare, and ends up in the hospital. To cover for himself and Homer, he says he went to Heaven and met Jesus. Christian producers\n offer the Simpsons a movie deal, which Homer takes. But Bart can\'t deal with the guilt and comes clean to Marge after the movie is finished.'),('T6','30','2','Heartbreak Hotel','\nMarge and Homer\'s marriage is tested when they travel to a tropical island to compete for a million dollars on Marge\'s favorite\nreality competition show.'),('T6','34','12','My Life as a Vlog','Through a series of YouTube recommended videos, the story of the rise and fall of The Simpson Family Vlog is revealed.'),('T7','16','8','Sarcastaball','Randy\'s campaign to prevent head injuries in football radically changes the way the game is played, but the new rules become a national \nsensation and even make a South Park student a star athlete.'),('T7','20','7','Oh, Jeez','PC Principal tries one more time to make peace between the boys and the girls. Meanwhile Gerald comes face-to-face with the Troll Hunter.'),('T7','22','8','Buddha Box','Cartman has been diagnosed with anxiety. Cartman just can’t deal with people any longer. They get in the way of what’s most important in his life.'),('T8','1','1','Pilot','After a hurricane, John B, JJ, Pope and Kiara plunge headlong into danger and adventure when they find a mysterious sunken wreck.'),('T8','2','3','Prayers','\nA desperate scramble for help lands John B and Sarah in questionable surroundings. Pope receives a mysterious summons to an out-of-town meeting.'),('T8','2','6','My Druthers','John B bristles when Sarah reconnects with a former flame. Ward\'s web of lies starts to unravel. Pope discovers a shocking family secret.'),('T9','1','3','Made You Look','Kat decides to try camming and has her first session. Jules starts falling for a boy online and asks Rue to help her take some nudes.\n Maddy finds something odd on Nate\'s phone. Cassie and McKay spend the weekend at his school and go to a party at the frat he\'s rushing.\n Rue is confronted about her lies at NA.'),('T9','2','7','The Theater and Its Double','Art imitates life as the East Highland crew watches their complicated dynamics reflected in Lexi\'s long-awaited play. Meanwhile, Fezco gets ready to attend.');
/*!40000 ALTER TABLE `episode` ENABLE KEYS */;
UNLOCK TABLES;

--
-- Table structure for table `genres`
--

DROP TABLE IF EXISTS `genres`;
/*!40101 SET @saved_cs_client     = @@character_set_client */;
/*!50503 SET character_set_client = utf8mb4 */;
CREATE TABLE `genres` (
  `media_id` varchar(50) NOT NULL,
  `genre` varchar(50) NOT NULL,
  PRIMARY KEY (`media_id`,`genre`),
  CONSTRAINT `genres_ibfk_1` FOREIGN KEY (`media_id`) REFERENCES `media` (`id`)
) ENGINE=InnoDB DEFAULT CHARSET=utf8mb4 COLLATE=utf8mb4_0900_ai_ci;
/*!40101 SET character_set_client = @saved_cs_client */;

--
-- Dumping data for table `genres`
--

LOCK TABLES `genres` WRITE;
/*!40000 ALTER TABLE `genres` DISABLE KEYS */;
INSERT INTO `genres` VALUES ('M1','Action & Adventure'),('M1','Fantasy'),('M1','Kids & Family'),('M10','Comedy'),('M10','Crime'),('M10','Drama'),('M11','Comedy'),('M11','Drama'),('M11','Music & Musical'),('M11','Romance'),('M12','Comedy'),('M12','Fantasy'),('M12','Kids & Family'),('M12','Romance'),('M13','Animation'),('M13','Comedy'),('M13','Fantasy'),('M13','Kids & Family'),('M13','Made in Europe'),('M14','Crime'),('M14','Drama'),('M14','Mystery & Thriller'),('M15','Drama'),('M15','Science-Fiction'),('M16','Action & Adventure'),('M16','Drama'),('M16','History'),('M16','War & Military'),('M17','Action & Adventure'),('M17','Drama'),('M17','Science-Fiction'),('M18','Comedy'),('M18','Fantasy'),('M18','Kids & Family'),('M19','Comedy'),('M19','Drama'),('M19','Music & Musical'),('M2','Drama'),('M20','Comedy'),('M20','Romance'),('M21','Animation'),('M21','Drama'),('M21','Fantasy'),('M21','Kids & Family'),('M22','Action & Adventure'),('M22','Comedy'),('M22','Fantasy'),('M22','Kids & Family'),('M23','Comedy'),('M23','Fantasy'),('M23','Kids & Family'),('M24','Comedy'),('M24','Horror'),('M25','Horror'),('M25','Mystery & Thriller'),('M26','Animation'),('M26','Comedy'),('M26','Fantasy'),('M26','Kids & Family'),('M26','Made in Europe'),('M26','Romance'),('M27','Animation'),('M27','Comedy'),('M27','Kids & Family'),('M28','Animation'),('M28','Comedy'),('M28','Fantasy'),('M28','Kids & Family'),('M29','Action & Adventure'),('M29','Fantasy'),('M29','Science-Fiction'),('M3','Drama'),('M30','Comedy'),('M30','Horror'),('M30','Mystery & Thriller'),('M4','Action & Adventure'),('M4','Science-Fiction'),('M5','Drama'),('M5','Romance'),('M6','Action & Adventure'),('M6','Mystery & Thriller'),('M6','Science-Fiction'),('M7','Comedy'),('M8','Drama'),('M8','Romance'),('M9','Comedy'),('M9','Drama'),('M9','Romance'),('T1','Crime'),('T1','Drama'),('T1','Mystery & Thriller'),('T10','Drama'),('T10','Romance'),('T11','Comedy'),('T11','Romance'),('T12','Drama'),('T12','Romance'),('T13','Action & Adventure'),('T13','Animation'),('T13','Comedy'),('T13','Science-Fiction'),('T14','Crime'),('T14','Drama'),('T14','Made in Europe'),('T15','Action & Adventure'),('T15','Drama'),('T15','Fantasy'),('T15','Science-Fiction'),('T16','Action & Adventure'),('T16','Fantasy, Drama'),('T16','Science-Fiction'),('T17','Drama'),('T17','Fantasy'),('T17','Romance'),('T17','Science-Fiction'),('T18','Comedy'),('T18','Drama'),('T18','Kids & Family'),('T18','Music & Musical'),('T19','Comedy'),('T19','Kids & Family'),('T19','Romance'),('T2','Action & Adventure'),('T2','Drama'),('T2','Fantasy'),('T2','Science-Fiction'),('T20','Comedy'),('T20','Drama'),('T20','Kids & Family'),('T20','Music & Musical'),('T20','Romance'),('T3','Drama'),('T3','Romance'),('T4','Drama'),('T4','Fantasy'),('T4','Horror'),('T4','Mystery & Thriller'),('T4','Science-Fiction'),('T5','Comedy'),('T5','Romance'),('T6','Animation'),('T6','Comedy'),('T7','Animation'),('T7','Comedy'),('T8','Action & Adventure'),('T8','Crime'),('T8','Drama'),('T8','Mystery & Thriller'),('T8','Romance'),('T9','Drama');
/*!40000 ALTER TABLE `genres` ENABLE KEYS */;
UNLOCK TABLES;

--
-- Table structure for table `hasCastMember`
--

DROP TABLE IF EXISTS `hasCastMember`;
/*!40101 SET @saved_cs_client     = @@character_set_client */;
/*!50503 SET character_set_client = utf8mb4 */;
CREATE TABLE `hasCastMember` (
  `media_id` varchar(50) NOT NULL,
  `member_id` varchar(50) NOT NULL,
  `role` varchar(50) DEFAULT NULL,
  PRIMARY KEY (`media_id`,`member_id`),
  KEY `member_id` (`member_id`),
  CONSTRAINT `hascastmember_ibfk_1` FOREIGN KEY (`media_id`) REFERENCES `media` (`id`),
  CONSTRAINT `hascastmember_ibfk_2` FOREIGN KEY (`member_id`) REFERENCES `castMember` (`member_id`)
) ENGINE=InnoDB DEFAULT CHARSET=utf8mb4 COLLATE=utf8mb4_0900_ai_ci;
/*!40101 SET character_set_client = @saved_cs_client */;

--
-- Dumping data for table `hasCastMember`
--

LOCK TABLES `hasCastMember` WRITE;
/*!40000 ALTER TABLE `hasCastMember` DISABLE KEYS */;
INSERT INTO `hasCastMember` VALUES ('M1','C1','Director'),('M1','C2','Harry Potter'),('M1','C3','Ron Weasly'),('M1','C4','Hermione Granger'),('M1','C5','Albus Dumbledore'),('M10','C46','Director'),('M10','C47','Jordan Belfort'),('M10','C48','Donnie Azoff'),('M10','C49','Naomi Lapaglia'),('M10','C50','Mark Hanna'),('M11','C51','Director'),('M11','C52','Sebastian Wilder'),('M11','C53','Mia Dolan'),('M11','C54','Keith'),('M11','C55','Laura Wilder'),('M12','C56','Director'),('M12','C57','Westly'),('M12','C58','Princess Buttercup'),('M12','C59','Inigo Montoya'),('M12','C60','Prince Humperdinck'),('M13','C61','Director'),('M13','C62','Director'),('M13','C63','Grinch'),('M13','C64','Donna Lou'),('M13','C65','Bricklebaum'),('M13','C66','Cindy Lou'),('M14','C67','Director'),('M14','C68','Joe'),('M14','C69','Joe\'s Mother'),('M14','C70','Nina Votto'),('M14','C71','John McCleary'),('M15','C72','Director'),('M15','C73','Joseph Coop'),('M15','C74','Dr.Amelia Brand'),('M15','C75','Murphy'),('M15','C76','Professor John'),('M16','C78','William Wallace'),('M16','C79','Murron MacClann'),('M16','C80','Princess Isabelle'),('M16','C81','King Edward'),('M17','C82','Director'),('M17','C83','Paul Atreides'),('M17','C84','Lady Jessica'),('M17','C85','Duke Leto'),('M17','C86','Gurney Halleck'),('M18','C87','Director'),('M18','C88','Willy Wonka'),('M18','C89','Charlie Bucket'),('M18','C90','Grandpa Joe'),('M18','C91','Mr.Salt'),('M19','C92','Director'),('M19','C93','Andy Sachs'),('M19','C94','Miranda Priestly'),('M19','C95','Emily'),('M19','C96','Nigel'),('M2','C10','Heywood'),('M2','C6','Director'),('M2','C7','Andy Dufresne'),('M2','C8','Ellis Boyd'),('M2','C9','Warden Norton'),('M20','C100','Warner'),('M20','C101','Vivian'),('M20','C97','Director'),('M20','C98','Elle Woods'),('M20','C99','Emmett'),('M21','C102','Director'),('M22','C103','Director'),('M22','C104','Alan Parrish'),('M22','C105','Judy Shepherd'),('M22','C106','Peter Shepherd'),('M22','C107','Sarah Whittle'),('M23','C108','Director'),('M23','C109','Larry Daley'),('M23','C110','Rebecca'),('M23','C111','Cecil'),('M23','C112','Gus'),('M24','C113','Director'),('M24','C114','Mr.Kreeg'),('M24','C115','Sam'),('M24','C116','Laurie'),('M24','C117','Steven'),('M25','C118','Director'),('M25','C119','Marcie'),('M25','C120','Brenda'),('M25','C121','Bill'),('M25','C122','Annie'),('M26','C123','Director'),('M26','C124','Princess Aurora'),('M26','C125','Prince Phillip'),('M26','C126','Malificent'),('M26','C127','Flora'),('M27','C128','Director'),('M27','C129','The Man with the Yellow Hat'),('M27','C130','Maggie'),('M27','C131','Junior'),('M27','C132','Clovis'),('M28','C133','Director'),('M28','C134','Hero Boy'),('M28','C135','Sister Sarah'),('M28','C136','Know-It-All'),('M28','C137','Hero Girl'),('M29','C138','Director'),('M29','C139','Barry Allen'),('M29','C140','Kara Zor'),('M29','C141','Bruce Wayne'),('M29','C142','General Zod'),('M3','C11','Director'),('M3','C12','Charlie'),('M3','C13','Sam'),('M3','C14','Patrick'),('M3','C15','Mary Elizabeth'),('M30','C143','Director'),('M30','C144','Margot'),('M30','C145','Chef Slowik'),('M30','C146','Tyler'),('M30','C147','Lillian'),('M31','C227','Director'),('M31','C228','Barbie'),('M31','C229','Ken'),('M31','C230','Gloria'),('M31','C231','Barbie'),('M32','C232','Allison'),('M32','C233','Noah'),('M32','C234','Old Allison'),('M32','C235','Old Noah'),('M33','C236','Director'),('M33','C237','Cal Weaver'),('M33','C238','Jacob Palmer'),('M33','C239','Emily Weaver'),('M33','C240','Hannah Weaver'),('M4','C16','Director'),('M4','C17','Thomas Anderson'),('M4','C18','Tiffany/Trinity'),('M4','C19','Morpheus'),('M4','C20','Smith'),('M5','C21','Director'),('M5','C22','Jack Dawson'),('M5','C23','Rose DeWitt'),('M5','C24','Cal Hockley'),('M5','C25','Molly Brown'),('M6','C26','Director'),('M6','C27','Owen Grady'),('M6','C28','Claire Dearing'),('M6','C29','Gray Mitchell'),('M6','C30','Zach Mitchell'),('M7','C31','Director'),('M7','C32','Jo Mitchell'),('M7','C33','Mani Weatherly'),('M7','C34','Abby Hanover'),('M7','C35','Hope Plotkin'),('M8','C36','Director'),('M8','C37','Hazel Grace'),('M8','C38','Augustus Waters'),('M8','C39','Isaac'),('M8','C40','Frannie Lancaster'),('M9','C41','Director'),('M9','C42','Lara Jean'),('M9','C43','Peeter Kavinsky'),('M9','C44','Margot Song'),('M9','C45','Katherine (Kitty)'),('T1','C148','Walter White'),('T1','C149','Jesse Pinkman'),('T1','C150','Skyler White'),('T1','C151','Hank Schrader'),('T10','C183','Belly Conklin'),('T10','C184','Conrad Fisher'),('T10','C185','Jeremiah Fisher'),('T10','C186','Steven Conklin'),('T11','C187','Leonard Hofstadter'),('T11','C188','Sheldon Cooper'),('T11','C189','Penny'),('T11','C190','Howard Wolowitz'),('T12','C191','Serena Van Der'),('T12','C192','Blair Waldorf'),('T12','C193','Dan Humphrey'),('T12','C194','Nate Archibald'),('T13','C195','Rick Sanchez'),('T13','C196','Jerry Smith'),('T13','C197','Summer Smith'),('T13','C198','Beth Smith'),('T14','C199','Tommy Shelby'),('T14','C200','Arthur Shelby'),('T14','C201','Ada Shelby'),('T14','C202','Lizzie Stark'),('T15','C203','Din Djarin'),('T15','C204','Bo-Katan Kryze'),('T16','C207','Geralt of Rivia'),('T16','C208','Yennefer'),('T16','C209','Princess Cirilla'),('T16','C210','Jaskier'),('T17','C211','Claire Fraser'),('T17','C212','Jamie Fraser'),('T17','C213','Brianna MacKenzie'),('T17','C214','Roger MacKenzie'),('T18','C215','Riley Matthews'),('T18','C216','Cory Matthews'),('T18','C217','Maya Hart'),('T18','C218','Topanga Matthews'),('T19','C219','Carly Shay'),('T19','C220','Spencer Shay'),('T19','C221','Freddie Benson'),('T19','C222','Sam Puckett'),('T2','C152','Tyrion'),('T2','C153','Jon Snow'),('T2','C154','Sir Jaime'),('T2','C155','Cersei Lannister'),('T20','C223','Tori Vega'),('T20','C224','Andre Harris'),('T20','C225','Robbie Shapiro'),('T20','C226','Jade West'),('T3','C156','Meredith Grey'),('T3','C157','Miranda Bailey'),('T3','C158','Richard Webber'),('T3','C159','Owen Hunt'),('T4','C160','Jane Hopper'),('T4','C161','Jim Hopper'),('T4','C162','Steve Harrington'),('T4','C163','Joyce Byers'),('T5','C164','Rachel Green'),('T5','C165','Monica Gelelr'),('T5','C166','Phoebe Buffay'),('T5','C167','Joey Tribbiani'),('T6','C168','Homer Simpson'),('T6','C169','Marge Simpson'),('T6','C170','Bart Simpson'),('T6','C171','Lisa Simpson'),('T7','C172','Eric Cartman'),('T7','C173','Kyle Broflovski'),('T7','C174','Sheila Broflovski'),('T8','C175','John Routledge'),('T8','C176','Sarah Cameron'),('T8','C177','Kiara Carrera'),('T8','C178','Pope Heyward'),('T9','C179','Rue Bennet'),('T9','C180','Lexi Howard'),('T9','C181','Fexco ONeill'),('T9','C182','Cal Jacobs');
/*!40000 ALTER TABLE `hasCastMember` ENABLE KEYS */;
UNLOCK TABLES;

--
-- Table structure for table `hostsMedia`
--

DROP TABLE IF EXISTS `hostsMedia`;
/*!40101 SET @saved_cs_client     = @@character_set_client */;
/*!50503 SET character_set_client = utf8mb4 */;
CREATE TABLE `hostsMedia` (
  `streaming_id` varchar(50) NOT NULL,
  `media_id` varchar(50) NOT NULL,
  PRIMARY KEY (`streaming_id`,`media_id`),
  KEY `media_id` (`media_id`),
  CONSTRAINT `hostsmedia_ibfk_1` FOREIGN KEY (`streaming_id`) REFERENCES `streamingServices` (`id`),
  CONSTRAINT `hostsmedia_ibfk_2` FOREIGN KEY (`media_id`) REFERENCES `media` (`id`)
) ENGINE=InnoDB DEFAULT CHARSET=utf8mb4 COLLATE=utf8mb4_0900_ai_ci;
/*!40101 SET character_set_client = @saved_cs_client */;

--
-- Dumping data for table `hostsMedia`
--

LOCK TABLES `hostsMedia` WRITE;
/*!40000 ALTER TABLE `hostsMedia` DISABLE KEYS */;
INSERT INTO `hostsMedia` VALUES ('SS1','M1'),('SS15','M10'),('SS3','M10'),('SS11','M11'),('SS4','M11'),('SS16','M12'),('SS7','M12'),('SS12','M13'),('SS4','M13'),('SS1','M14'),('SS5','M14'),('SS9','M14'),('SS10','M15'),('SS5','M15'),('SS10','M16'),('SS3','M16'),('SS12','M17'),('SS4','M17'),('SS11','M18'),('SS6','M18'),('SS5','M19'),('SS8','M19'),('SS9','M2'),('SS12','M20'),('SS2','M20'),('SS1','M21'),('SS8','M21'),('SS7','M22'),('SS11','M23'),('SS16','M23'),('SS6','M23'),('SS12','M24'),('SS6','M24'),('SS11','M25'),('SS2','M25'),('SS15','M26'),('SS7','M26'),('SS3','M27'),('SS15','M28'),('SS4','M28'),('SS15','M29'),('SS5','M29'),('SS8','M3'),('SS16','M30'),('SS6','M30'),('SS9','M30'),('SS10','M4'),('SS2','M4'),('SS7','M5'),('SS1','M6'),('SS10','M7'),('SS2','M7'),('SS3','M8'),('SS9','M8'),('SS8','M9'),('SS12','T1'),('SS5','T1'),('SS1','T10'),('SS8','T10'),('SS16','T11'),('SS2','T11'),('SS9','T11'),('SS10','T12'),('SS3','T12'),('SS7','T13'),('SS11','T14'),('SS16','T14'),('SS3','T14'),('SS11','T15'),('SS4','T15'),('SS15','T16'),('SS8','T16'),('SS12','T17'),('SS16','T17'),('SS4','T17'),('SS15','T18'),('SS6','T18'),('SS15','T19'),('SS5','T19'),('SS10','T2'),('SS6','T2'),('SS16','T20'),('SS9','T20'),('SS1','T3'),('SS7','T3'),('SS2','T4'),('SS8','T4'),('SS3','T5'),('SS9','T5'),('SS10','T6'),('SS4','T6'),('SS11','T7'),('SS5','T7'),('SS1','T8'),('SS12','T8'),('SS6','T8'),('SS2','T9'),('SS7','T9');
/*!40000 ALTER TABLE `hostsMedia` ENABLE KEYS */;
UNLOCK TABLES;

--
-- Table structure for table `hostsSports`
--

DROP TABLE IF EXISTS `hostsSports`;
/*!40101 SET @saved_cs_client     = @@character_set_client */;
/*!50503 SET character_set_client = utf8mb4 */;
CREATE TABLE `hostsSports` (
  `streaming_id` varchar(50) NOT NULL,
  `sports_id` varchar(50) NOT NULL,
  PRIMARY KEY (`streaming_id`,`sports_id`),
  KEY `sports_id` (`sports_id`),
  CONSTRAINT `hostssports_ibfk_1` FOREIGN KEY (`streaming_id`) REFERENCES `streamingServices` (`id`),
  CONSTRAINT `hostssports_ibfk_2` FOREIGN KEY (`sports_id`) REFERENCES `sports` (`id`)
) ENGINE=InnoDB DEFAULT CHARSET=utf8mb4 COLLATE=utf8mb4_0900_ai_ci;
/*!40101 SET character_set_client = @saved_cs_client */;

--
-- Dumping data for table `hostsSports`
--

LOCK TABLES `hostsSports` WRITE;
/*!40000 ALTER TABLE `hostsSports` DISABLE KEYS */;
INSERT INTO `hostsSports` VALUES ('SS10','S1'),('SS13','S1'),('SS12','S10'),('SS14','S10'),('SS12','S11'),('SS14','S11'),('SS10','S12'),('SS13','S12'),('SS12','S13'),('SS10','S14'),('SS13','S14'),('SS12','S15'),('SS14','S15'),('SS12','S16'),('SS14','S16'),('SS13','S17'),('SS12','S18'),('SS14','S18'),('SS10','S19'),('SS12','S2'),('SS14','S2'),('SS10','S20'),('SS13','S20'),('SS13','S21'),('SS10','S22'),('SS12','S23'),('SS14','S23'),('SS13','S24'),('SS10','S3'),('SS14','S3'),('SS13','S4'),('SS12','S5'),('SS14','S5'),('SS10','S6'),('SS12','S7'),('SS14','S7'),('SS10','S8'),('SS13','S8'),('SS10','S9'),('SS13','S9');
/*!40000 ALTER TABLE `hostsSports` ENABLE KEYS */;
UNLOCK TABLES;

--
-- Table structure for table `liked`
--

DROP TABLE IF EXISTS `liked`;
/*!40101 SET @saved_cs_client     = @@character_set_client */;
/*!50503 SET character_set_client = utf8mb4 */;
CREATE TABLE `liked` (
  `user_id` int NOT NULL,
  `media_id` varchar(50) NOT NULL,
  `list_id` varchar(50) NOT NULL,
  PRIMARY KEY (`user_id`,`media_id`,`list_id`),
  KEY `media_id` (`media_id`),
  CONSTRAINT `liked_ibfk_1` FOREIGN KEY (`user_id`) REFERENCES `user` (`id`),
  CONSTRAINT `liked_ibfk_2` FOREIGN KEY (`media_id`) REFERENCES `media` (`id`)
) ENGINE=InnoDB DEFAULT CHARSET=utf8mb4 COLLATE=utf8mb4_0900_ai_ci;
/*!40101 SET character_set_client = @saved_cs_client */;

--
-- Dumping data for table `liked`
--

LOCK TABLES `liked` WRITE;
/*!40000 ALTER TABLE `liked` DISABLE KEYS */;
INSERT INTO `liked` VALUES (3,'M1','L3'),(19,'M1','L19'),(22,'M1','L22'),(1,'M10','L1'),(11,'M10','L11'),(16,'M12','L16'),(19,'M12','L19'),(24,'M12','L24'),(8,'M13','L8'),(4,'M14','L4'),(9,'M14','L9'),(14,'M15','L14'),(9,'M16','L9'),(1,'M18','L1'),(12,'M18','L12'),(18,'M18','L18'),(24,'M2','L24'),(7,'M22','L7'),(3,'M23','L3'),(15,'M23','L15'),(7,'M24','L7'),(6,'M25','L6'),(3,'M27','L3'),(15,'M27','L15'),(10,'M28','L10'),(20,'M28','L20'),(23,'M28','L23'),(25,'M28','L25'),(17,'M29','L17'),(4,'M3','L4'),(5,'M3','L5'),(16,'M3','L16'),(25,'M3','L25'),(5,'M30','L5'),(17,'M30','L17'),(22,'M30','L22'),(14,'M4','L14'),(6,'M5','L6'),(11,'M5','L11'),(20,'M5','L20'),(2,'M6','L2'),(13,'M6','L13'),(8,'M7','L8'),(10,'M7','L10'),(13,'M7','L13'),(18,'M7','L18'),(23,'M7','L23'),(2,'M8','L2'),(8,'M9','L8'),(15,'M9','L15'),(5,'T1','L5'),(17,'T1','L17'),(21,'T1','L21'),(20,'T10','L20'),(4,'T12','L4'),(8,'T12','L8'),(15,'T12','L15'),(25,'T12','L25'),(24,'T13','L24'),(4,'T14','L4'),(21,'T14','L21'),(6,'T15','L6'),(3,'T16','L3'),(11,'T16','L11'),(19,'T16','L19'),(18,'T17','L18'),(7,'T18','L7'),(10,'T18','L10'),(12,'T19','L12'),(22,'T19','L22'),(9,'T2','L9'),(11,'T2','L11'),(16,'T2','L16'),(18,'T2','L18'),(19,'T2','L19'),(2,'T20','L2'),(13,'T20','L13'),(17,'T20','L17'),(20,'T20','L20'),(6,'T3','L6'),(9,'T3','L9'),(5,'T4','L5'),(7,'T4','L7'),(13,'T4','L13'),(2,'T5','L2'),(12,'T5','L12'),(14,'T6','L14'),(16,'T6','L16'),(23,'T6','L23'),(1,'T7','L1'),(22,'T7','L22'),(24,'T7','L24'),(10,'T8','L10'),(12,'T8','L12'),(14,'T8','L14'),(21,'T8','L21'),(23,'T8','L23'),(25,'T8','L25'),(1,'T9','L1'),(21,'T9','L21');
/*!40000 ALTER TABLE `liked` ENABLE KEYS */;
UNLOCK TABLES;

--
-- Table structure for table `media`
--

DROP TABLE IF EXISTS `media`;
/*!40101 SET @saved_cs_client     = @@character_set_client */;
/*!50503 SET character_set_client = utf8mb4 */;
CREATE TABLE `media` (
  `id` varchar(50) NOT NULL,
  `type` enum('TV','Movie') DEFAULT NULL,
  `title` varchar(100) DEFAULT NULL,
  `rating` varchar(50) DEFAULT NULL,
  `runtime` varchar(50) DEFAULT NULL,
  `ageRating` varchar(50) DEFAULT NULL,
  `releaseYear` char(4) DEFAULT NULL,
  `country` varchar(50) DEFAULT NULL,
  `imageURL` text,
  `synopsis` text,
  PRIMARY KEY (`id`)
) ENGINE=InnoDB DEFAULT CHARSET=utf8mb4 COLLATE=utf8mb4_0900_ai_ci;
/*!40101 SET character_set_client = @saved_cs_client */;

--
-- Dumping data for table `media`
--

LOCK TABLES `media` WRITE;
/*!40000 ALTER TABLE `media` DISABLE KEYS */;
INSERT INTO `media` VALUES ('M1','Movie','Harry Potter and the Philosophers Stone','87%','2h:32m','PG','2001','United States','https://images.justwatch.com/backdrop/52992074/s1920/harry-potter-and-the-philosophers-stone.webp/harry-potter-and-the-philosophers-stone.webp','Harry Potter has lived under the stairs at his aunt and uncles house his whole life. But on his 11th birthday, he learns hes a powerful wizard \n    with a place waiting for him at the Hogwarts School of Witchcraft and Wizardry. As he learns to harness his newfound powers with the help of the schools\n    kindly headmaster, Harry uncovers the truth about his parents deaths and about the villain whos to blame'),('M10','Movie','The Wolf of Wall Street','90%','3h:0m','R','2013','United States','https://images.justwatch.com/backdrop/179875510/s1920/wolf-of-wall-street-the.webp/wolf-of-wall-street-the.webp','The Wolf on Wall Street follows the rise and fall of Jordan Belfort, who became a wealthy stock broker before being found guilty of corruption and fraud\n by the federal government.Directed by Martin Scorsese and starring Leonardo DiCaprio, the film is based on Jordan Belfort’s memoir of the same name.'),('M11','Movie','La La Land','87%','2h:09m','PG-13','2016','Hong Kong','https://images.justwatch.com/backdrop/65048167/s1920/la-la-land.webp/la-la-land.webp','Sebastian and Mia are both struggling to achieve their dreams in Los Angeles. While Sebastian wants to indulge in his love of music, Mia is determined\n to become a successful actress. They form an unlikely bond and passionately push each other to reach their goals.Set in a colorful reality inspired by \n classic cinema, La La Land was written and directed by Damien Chazelle'),('M12','Movie','The Princess Bride','87%','1h:38m','PG','1987','United States','https://images.justwatch.com/backdrop/188568480/s1920/the-princess-bride.webp/the-princess-bride.webp','In this enchantingly cracked fairy tale, the beautiful Princess Buttercup and the dashing Westley must overcome staggering odds to find happiness amid\n six-fingered swordsmen, murderous princes, Sicilians and rodents of unusual size. But even death cant stop these true lovebirds from triumphing.'),('M13','Movie','The Grinch','75%','1h:26','PG-13','2018','United States','https://images.justwatch.com/backdrop/51155658/s1920/the-grinch.webp/the-grinch.webp','The Grinch hatches a scheme to ruin Christmas when the residents of Whoville plan their annual holiday celebration.'),('M14','Movie','You were never really here','74%','1h:29m','R','2017','France','https://images.justwatch.com/backdrop/30875655/s1920/you-were-never-really-here.webp/you-were-never-really-here.webp','A traumatised veteran, unafraid of violence, tracks down missing girls for a living. When a job spins out of control, his nightmares overtake him as a\n conspiracy is uncovered leading to what may be his death trip or his awakening.'),('M15','Movie','Interstellar','95%','2h:49m','PG-13','2014','United Kingdom','https://images.justwatch.com/backdrop/176326972/s1920/interstellar.webp/interstellar.webp','In a dystopian future where humanity is lacking survival options, a retired astronaut named Cooper leads a mysterious mission that will take them through\n a wormhole near Saturn. As they search for a new planet to inhabit, Cooper and his crew must also live with the consequences of leaving home.\n The time-bending sci-fi adventure was directed by Christopher Nolan and stars Matthew McConaughey, Anne Hathaway and Jessica Chastain.'),('M16','Movie','Braveheart','89%','2h:57m','R','1995','United States','https://images.justwatch.com/backdrop/242465840/s1920/braveheart.webp/braveheart.webp','Enraged at the slaughter of Murron, his new bride and childhood love, Scottish warrior William Wallace slays a platoon of the local English lords\n soldiers. This leads the village to revolt and, eventually, the entire country to rise up against English rule.'),('M17','Movie','Dune','87%','2h:35m','PG-13','2021','United States','https://images.justwatch.com/backdrop/253928876/s1920/dune-2021.webp/dune-2021.webp','Paul Atreides, a brilliant and gifted young man born into a great destiny beyond his understanding, must travel to the most dangerous planet in the\n universe to ensure the future of his family and his people. As malevolent forces explode into conflict over the planets exclusive supply of the most \n precious resource in existence-a commodity capable of unlocking humanitys greatest potential-only those who can conquer their fear will survive.'),('M18','Movie','Willy Wonka & the Chocolate Factory','85%','1h:39m','G','1971','United States','https://images.justwatch.com/backdrop/247227511/s1920/willy-wonka-and-the-chocolate-factory.webp/willy-wonka-and-the-chocolate-factory.webp','When eccentric candy man Willy Wonka promises a lifetime supply of sweets and a tour of his chocolate factory to five lucky kids, penniless \n Charlie Bucket seeks the golden ticket that will make him a winner.'),('M19','Movie','The Devil Wears Prada','80%','1h:49m','PG-13','2006','United States','https://images.justwatch.com/backdrop/304525006/s1920/the-devil-wears-prada.webp/the-devil-wears-prada.webp','Andy moves to New York to work in the fashion industry. Her boss is extremely demanding, cruel and wont let her succeed if she doesnt fit into\n the high class elegant look of their magazine'),('M2','Movie','The Shawshank Redemption','99%','2h:22m','R','1994','United States','https://images.justwatch.com/backdrop/8652089/s1920/the-shawshank-redemption.webp/the-shawshank-redemption.webp','Framed in the 1940s for the double murder of his wife and her lover, upstanding banker Andy Dufresne begins a new life at the Shawshank prison,\n where he puts his accounting skills to work for an amoral warden. During his long stretch in prison, Dufresne comes to be admired by the other inmates\n -- including an older prisoner named Red -- for his integrity and unquenchable sense of hope.'),('M20','Movie','Legally Blonde','73%','1h:36m','PG-13','2001','United States','https://images.justwatch.com/backdrop/265173610/s1920/legally-blonde.webp/legally-blonde.webp','Elle Woods, a fashionable sorority queen, is dumped by her boyfriend. She decides to follow him to law school, but while there, she figures out\n that there is more to herself than just looks.'),('M21','Movie','Coraline','87%','1h:40m','PG','2009','United States','https://images.justwatch.com/backdrop/803378/s1920/coraline.webp/coraline.webp','A young girl discovers an idealized parallel universe behind a secret door in her new home, unaware that it contains a sinister secret.A young girl \n discovers an idealized parallel universe behind a secret door in her new home, unaware that it contains a sinister secret.'),('M22','Movie','Jumanji','78%','1h:44m','PG','1995','United States','https://images.justwatch.com/backdrop/8655652/s1920/jumanji.webp/jumanji.webp','When siblings Judy and Peter discover an enchanted board game that opens the door to a magical world, they unwittingly invite Alan -- an adult whos\n been trapped inside the game for 26 years -- into their living room. Alans only hope for freedom is to finish the game, which proves risky as all three\n find themselves running from giant rhinoceroses, evil monkeys and other terrifying creatures.'),('M23','Movie','Night at the Museum','73%','1h:45m','PG','2006','United States','https://images.justwatch.com/backdrop/271941308/s1920/night-at-the-museum.webp/night-at-the-museum.webp','Chaos reigns at the natural history museum when night watchman Larry Daley accidentally stirs up an ancient curse, awakening Attila the Hun, an army \n of gladiators, a Tyrannosaurus rex and other exhibits.'),('M24','Movie','Trick r Treat','76%','1h:22m','R','2007','United States','https://images.justwatch.com/backdrop/176376560/s1920/trick-r-treat.webp/trick-r-treat.webp','Four interwoven stories that occur on Halloween: an everyday high school principal has a secret life as a serial killer; a college virgin might have\n just met the one guy for her; a group of teenagers pull a mean prank, and a bitter old recluse receives an uninvited guest.'),('M25','Movie','Friday the 13th','72%','1h:35m','R','1980','United States','https://images.justwatch.com/backdrop/206842728/s1920/friday-the-13th-1980.webp/friday-the-13th-1980.webp','Camp counselors are stalked and murdered by an unknown assailant while trying to reopen a summer camp that was the site of a childs drowning.'),('M26','Movie','Sleeping Beauty','79%','1h:15m','G','1959','United States','https://images.justwatch.com/backdrop/309252936/s1920/sleeping-beauty-1959.webp/sleeping-beauty-1959.webp','A beautiful princess born in a faraway kingdom is destined by a terrible curse to prick her finger on the spindle of a spinning wheel and fall into\n a deep sleep that can only be awakened by true loves first kiss. Determined to protect her, her parents ask three fairies to raise her in hiding. \n But the evil Maleficent is just as determined to seal the princesss fate.'),('M27','Movie','Curious George','71%','1h:29m','G','2006','United States','https://images.justwatch.com/backdrop/243878286/s1920/curious-george.webp/curious-george.webp','When The Man in the Yellow Hat befriends Curious George in the jungle, they set off on a non-stop, fun-filled journey through the wonders of\n the big city toward the warmth of true friendship.'),('M28','Movie','The Polar Express','75%','1h:40m','G','2004','United States','https://images.justwatch.com/backdrop/93113675/s1920/the-polar-express.webp/the-polar-express.webp','When a doubting young boy takes an extraordinary train ride to the North Pole, he embarks on a journey of self-discovery that shows him\n that the wonder of life never fades for those who believe.'),('M29','Movie','The Flash','77%','2h:24m','PG-13','2023','United States','https://images.justwatch.com/backdrop/305800912/s1920/the-flash.webp/the-flash.webp','The speedster decides to use his superhuman pace to travel back in time and prevent his mother from dying. But his move has unexpected and\n chaotic consequences. The Flash finds himself stuck in a reality where the evil General Zod has re-emerged and no superheroes exist to challenge \n him. The Flash must rally with what allies he can find. Between a retired Batman, another Barry Allen, and a locked-up Supergirl, \n The Flash has friends, but does he have the time to save this world from certain destruction?'),('M3','Movie','The Perks of Being a Wallflower','86%','1h:43m','PG-13','2012','United States','https://images.justwatch.com/backdrop/9634917/s1920/the-perks-of-being-a-wallflower.webp/the-perks-of-being-a-wallflower.webp','Pittsburgh, Pennsylvania, 1991. High school freshman Charlie is a wallflower, always watching life from the sidelines, until two senior students,\n Sam and her stepbrother Patrick, become his mentors, helping him discover the joys of friendship, music and love.'),('M30','Movie','The Menu','80%','1h:48m','R','2022','United States','https://images.justwatch.com/backdrop/302339489/s1920/the-menu-2022.webp/the-menu-2022.webp','Hawthorne is the epitome of high-class fine dining and exclusivity. The restaurant sits on an isolated coastal island and produces food that \n is also conceptual art. The chef at the head of Hawthorne is Slowik, whose staff are in obedient revelry of his genius. Margot and Tyler are a \n young couple who travel to the Hawthorne in order to experience something out of the ordinary. For Tyler, Hawthorne is a moving meditation on\n culinary culture but Margot is less enthused. As the evening unfolds, the experience becomes increasingly sinister and what starts as experimental\n cuisine takes on terrifying consequences for the dinner guests.'),('M31','Movie','Barbie','81%','1h:54m','PG-13','2023','United States','https://images.justwatch.com/backdrop/306559353/s1920/barbie-2023.webp/barbie-2023.webp','When Barbie leaves Barbieland and finds herself in the real world, shes a fish out of water longing for her old life. Meanwhile, her boyfriend\n Ken seems at ease with the impossible standards of the human world. Can their relationship survive this clash of ideals?'),('M32','Movie','The Notebook','87%','1h:59m','PG-13','2004','United States','https://images.justwatch.com/backdrop/115043902/s1920/the-notebook-2004.webp/the-notebook-2004.webp','An epic love story centered around an older man who reads aloud to a woman with Alzheimers. From a faded notebook, the old mans\n words bring to life the story about a couple who is separated by World War II, and is then passionately reunited, seven years later, after\n they have taken different paths'),('M33','Movie','Crazy, Stupid, Love','81%','1h:58m','PG-13','2011','United States','https://images.justwatch.com/backdrop/28032185/s1920/crazy-stupid-love.webp/crazy-stupid-love.webp','Cal Weaver is living the American dream. He has a good job, a beautiful house, great children and a beautiful wife, named Emily. Cals seemingly\n perfect life unravels, however, when he learns that Emily has been unfaithful and wants a divorce. Over 40 and suddenly single, Cal is adrift in the fickle\n world of dating. Enter, Jacob Palmer, a self-styled player who takes Cal under his wing and teaches him how to be a hit with the ladies'),('M4','Movie','The Matrix Resurrections','69%','2h:28m','R','2021','Germany','https://images.justwatch.com/backdrop/257943910/s1920/the-matrix-resurrections.webp/the-matrix-resurrections.webp','Plagued by strange memories, Neos life takes an unexpected turn when he finds himself back inside the Matrix.'),('M5','Movie','Titanic','88%','3h:15m','PG-13','1997','United States','https://images.justwatch.com/backdrop/302953917/s1920/titanic-1997.webp/titanic-1997.webp','101-year-old Rose DeWitt Bukater tells the story of her life aboard the Titanic, 84 years later. A young Rose boards the ship with her mother and fiancé.\n Meanwhile, Jack Dawson and Fabrizio De Rossi win third-class tickets aboard the ship. Rose tells the whole story from Titanics departure through to its \n death—on its first and last voyage—on April 15, 1912'),('M6','Movie','Jurassic World','77%','2h:4m','PG-13','2015','United States','https://images.justwatch.com/backdrop/299455258/s1920/jurassic-world.webp/jurassic-world.webp','Twenty-two years after the events of Jurassic Park, Isla Nublar now features a fully functioning dinosaur theme park, Jurassic World,\n as originally envisioned by John Hammond'),('M7','Movie','Mean Girls 2','54%','1h:37m','PG-13','2011','United States','https://images.justwatch.com/backdrop/243963077/s1920/mean-girls-2.webp/mean-girls-2.webp','After a clique of girls makes life difficult, a new student forms a rival group to take control of the schools corridors.'),('M8','Movie','The Fault in Our Stars','84%','2h:6m','PG-13','2014','United States','https://images.justwatch.com/backdrop/179542145/s1920/the-fault-in-our-stars.webp/the-fault-in-our-stars.webp','Despite the tumor-shrinking medical miracle that has bought her a few years, Hazel has never been anything but terminal, her final chapter inscribed upon diagnosis. \n But when a patient named Augustus Waters suddenly appears at Cancer Kid Support Group, Hazels story is about to be completely rewritten.'),('M9','Movie','To All The Boys Ive Loved Before','81%','1h:39m','PG-13','2018','United States','https://images.justwatch.com/backdrop/76119521/s1920/to-all-the-boys-ive-loved-before.webp/to-all-the-boys-ive-loved-before.webp','Lara Jeans love life goes from imaginary to out of control when her secret letters to every boy shes ever fallen for are mysteriously mailed out'),('T1','TV','Breaking Bad','100%','47m','TV-MA','2008','United States','https://images.justwatch.com/backdrop/176200275/s1920/breaking-bad.webp/breaking-bad.webp','Walter White is a high school chemistry teacher in Albuquerque, New Mexico. When he is diagnosed with cancer, he starts manufacturing \n methamphetamines to pay for his treatments and secure his family’s financial future. His underground operation leads him to reunite with\n Jesse Pinkman, a foul-mouthed delinquent who used to be a student at Walter’s high school.'),('T10','TV','The Summer I Turned Prettty','87%','49m','TV-14','2022','United States','https://images.justwatch.com/backdrop/284447786/s1920/the-summer-i-turned-pretty.webp/the-summer-i-turned-pretty.webp','Isabel Conklin is a teenage girl who wants to grow up and attain independence. She spends the summer at Cousins Beach with her mother and brother,\n along with her mothers lifelong best friend and her two sons, Conrad and Jeremiah Fisher. Isabel grows close to both boys and the result is a love triangle\n that proves difficult for Isabel. For the young woman, the perfect summer on the beach is interrupted by learning what it means to grow up. The series is based \n on a book of the same name written by Jenny Han. Part of a trilogy, the book and its predecessors have been very successful, with the latest book spending over a \n month on the New York Times bestseller list'),('T11','TV','The Big Band Theory','90%','20m','TV-14','2007','United States','https://images.justwatch.com/backdrop/26647297/s1920/the-big-bang-theory.webp/the-big-bang-theory.webp','Physicists Leonard and Sheldon find their nerd-centric social circle with pals Howard and Raj expanding when aspiring actress Penny moves in next door.'),('T12','TV','Gossip Girl','88%','42m','TV-14','2007','United States','https://images.justwatch.com/backdrop/307464813/s1920/gossip-girl.webp/gossip-girl.webp','An exclusive group of privileged teens from a posh prep school on Manhattans Upper East Side whose lives revolve around the blog of the all-knowing \n albeit ultra-secretive Gossip Girl.'),('T13','TV','Rick and Morty','100%','22m','TV-14','2013','United States','https://images.justwatch.com/backdrop/8580211/s1920/rick-and-morty.webp/rick-and-morty.webp','Rick Sanchez is a troubled genius who takes his neurotic grandson, Morty, on multi-dimensional intergalactic adventures – whether he likes it or not.\n The popular animated show follows the Sanchez family’s imperfect relationships as they endure wild and hilarious scenarios.'),('T14','TV','Peaky Blinders','97%','58m','TV-MA','2013','United Kingdom','https://images.justwatch.com/backdrop/30175747/s1920/peaky-blinders.webp/peaky-blinders.webp','A gangster family epic set in 1919 Birmingham, England and centered on a gang who sew razor blades in the peaks of their caps, and their fierce boss\n Tommy Shelby, who means to move up in the world.'),('T15','TV','The Mandalorian','95%','49m','TV-14','2019','United States','https://images.justwatch.com/backdrop/221611732/s1920/the-mandalorian.webp/the-mandalorian.webp','After the fall of the Galactic Empire, lawlessness has spread throughout the galaxy. A lone gunfighter makes his way through the outer reaches, \n earning his keep as a bounty hunter.'),('T16','TV','The Witcher','91%','57m','TV-13','2019','United States','https://images.justwatch.com/backdrop/162398451/s1920/the-witcher.webp/the-witcher.webp','Geralt of Rivia, a mutated monster-hunter for hire, journeys toward his destiny in a turbulent world where people often prove more wicked than beasts.'),('T17','TV','Outlander','93%','1h:0m',NULL,'2014','United States','https://images.justwatch.com/backdrop/305389828/s1920/outlander.webp/outlander.webp','Claire Beauchamp Randall, a nurse in World War II, mysteriously goes back in time to Scotland in 1743. There, she meets a dashing Highland \n warrior and gets drawn into an epic rebellion.'),('T18','TV','Girl Meets World','87%','23m','TV-G','2014','United States','https://images.justwatch.com/backdrop/307071222/s1920/girl-meets-world.webp/girl-meets-world.webp','The adventures of relatable and adventurous Riley Matthews, the tween daughter of Cory and Topanga Matthews, and her bold best friend Maya as they\n traverse the twists and turns of teenage years at Manhattans John Quincy Adams Middle School where Rileys dad is their History teacher.'),('T19','TV','iCarly','83%','23m','TV-G','2007','United States','https://images.justwatch.com/backdrop/8592191/s1920/icarly.webp/icarly.webp','Carly Shay quickly becomes an internet phenomenon when she launches her own webcast, iCarly. Together with her best friends – Sam and Freddit – the teenager’s\n newfound fame puts the group in a series of hilarious and wacky situations.iCarly was created by Dan Schneider\n and stars Miranda Cosgrove, Jerry Trainor and Nathan Kress.'),('T2','TV','Game of Thrones','99%','58m','TV-MA','2011','United States','https://images.justwatch.com/backdrop/8583524/s1920/game-of-thrones.webp/game-of-thrones.webp','Whoever sits on the Iron Throne commands the Seven Kingdoms of Westeros. Telling the story of several families as they make their claim\n for the throne, the reemergence of myths and magic makes their power struggles increasingly complicated and unpredictable.'),('T20','TV','Victorious','85%','24m','TV-G','2010','United States','https://images.justwatch.com/backdrop/251060406/s1920/victorious.webp/victorious.webp','Aspiring singer Tori Vega navigates life while attending a performing arts high school called Hollywood Arts.'),('T3','TV','Greys Anatomy','90%','48m','TV-PG','2005','United States','https://images.justwatch.com/backdrop/498862/s1920/greys-anatomy.webp/greys-anatomy.webp','A drama centered on the personal and professional lives of five surgical interns and their supervisors.'),('T4','TV','Stranger Things','96%','1h:01m','TV-14','2014','United States','https://images.justwatch.com/backdrop/102141616/s1920/stranger-things.webp/stranger-things.webp','When a young boy vanishes, a small town uncovers a mystery involving secret experiments, terrifying supernaturalforces, and one strange little girl.'),('T5','TV','Friends','97%','25m','TV-14','1994','United States','https://images.justwatch.com/backdrop/177294826/s1920/friends.webp/friends.webp','Six young people from New York City, on their own and struggling to survive in the real world, find the companionship, comfort and support\n they get from each other to be the perfect antidote to the pressures of life.'),('T6','TV','The Simpsons','94%','27m','TV-MA','1989','United States','https://images.justwatch.com/backdrop/49127377/s1920/the-simpsons.webp/the-simpsons.webp','The Simpsons is an animated sitcom centering on a working-class American family living in the fictional town of Springfield.The multi-award-winning\n animated show was created by Matt Groening, James L. Brooks and Sam Simon. Groening has also created the sci-fi sitcom Futurama and the medieval \n comedy, Disenchantment. Since airing its first episode in 1989, the long-running show has become one of the most famous TV shows of all time.'),('T7','TV','South Park','95%','22m','TV-MA','1997','United States','https://images.justwatch.com/backdrop/8612780/s1920/south-park.webp/south-park.webp','Follows the misadventures of four irreverent grade-schoolers in the quiet, dysfunctional town of South Park, Colorado.'),('T8','TV','Outer Banks','89%','50m','TV-MA','2020','United States','https://images.justwatch.com/backdrop/249642227/s1920/outer-banks.webp/outer-banks.webp','A tight-knit group of teens unearths a long-buried secret, setting off a chain of illicit events that takes them on an adventure theyll never forget.'),('T9','TV','Euphoria','93%','58m','TV-MA','2019','United States','https://images.justwatch.com/backdrop/259067427/s1920/euphoria.webp/euphoria.webp','A group of high school students navigate love and friendships in a world of drugs, sex, trauma, and social media.');
/*!40000 ALTER TABLE `media` ENABLE KEYS */;
UNLOCK TABLES;

--
-- Table structure for table `movieQualityPrice`
--

DROP TABLE IF EXISTS `movieQualityPrice`;
/*!40101 SET @saved_cs_client     = @@character_set_client */;
/*!50503 SET character_set_client = utf8mb4 */;
CREATE TABLE `movieQualityPrice` (
  `media_id` varchar(50) NOT NULL,
  `service_id` varchar(50) NOT NULL,
  `quality` enum('SD','HD','4K') NOT NULL,
  `price` varchar(50) NOT NULL,
  `status` enum('rent','buy','subscription') NOT NULL,
  PRIMARY KEY (`media_id`,`service_id`,`quality`,`price`,`status`),
  KEY `service_id` (`service_id`),
  CONSTRAINT `moviequalityprice_ibfk_1` FOREIGN KEY (`media_id`) REFERENCES `media` (`id`),
  CONSTRAINT `moviequalityprice_ibfk_2` FOREIGN KEY (`service_id`) REFERENCES `streamingServices` (`id`)
) ENGINE=InnoDB DEFAULT CHARSET=utf8mb4 COLLATE=utf8mb4_0900_ai_ci;
/*!40101 SET character_set_client = @saved_cs_client */;

--
-- Dumping data for table `movieQualityPrice`
--

LOCK TABLES `movieQualityPrice` WRITE;
/*!40000 ALTER TABLE `movieQualityPrice` DISABLE KEYS */;
INSERT INTO `movieQualityPrice` VALUES ('M10','SS1','SD','sub','subscription'),('M11','SS1','SD','sub','subscription'),('M11','SS1','HD','sub','subscription'),('M17','SS1','SD','sub','subscription'),('M17','SS1','HD','sub','subscription'),('M27','SS1','SD','sub','subscription'),('M27','SS1','HD','sub','subscription'),('M9','SS1','SD','sub','subscription'),('M9','SS1','HD','sub','subscription'),('M16','SS10','HD','3.99','rent'),('M2','SS10','SD','3.99','rent'),('M20','SS10','HD','3.99','rent'),('M23','SS10','SD','3.99','rent'),('M28','SS10','SD','3.99','rent'),('M4','SS10','SD','3.99','rent'),('M6','SS10','HD','3.99','rent'),('M13','SS11','HD','sub','subscription'),('M13','SS12','SD','sub','subscription'),('M22','SS12','SD','sub','subscription'),('M22','SS12','HD','sub','subscription'),('M10','SS15','HD','sub','subscription'),('M10','SS15','4K','sub','subscription'),('M15','SS15','SD','sub','subscription'),('M15','SS15','HD','sub','subscription'),('M15','SS15','4K','sub','subscription'),('M12','SS16','SD','sub','subscription'),('M12','SS16','HD','sub','subscription'),('M23','SS16','SD','sub','subscription'),('M23','SS16','HD','sub','subscription'),('M23','SS16','4K','sub','subscription'),('M26','SS16','SD','sub','subscription'),('M26','SS16','HD','sub','subscription'),('M1','SS2','SD','14.99','buy'),('M1','SS2','SD','3.99','rent'),('M1','SS2','HD','14.99','buy'),('M1','SS2','HD','3.99','rent'),('M1','SS2','4K','3.99','rent'),('M10','SS2','SD','3.99','rent'),('M10','SS2','SD','4.99','buy'),('M10','SS2','HD','3.99','rent'),('M10','SS2','4K','4.99','buy'),('M11','SS2','SD','6.99','buy'),('M11','SS2','HD','6.99','buy'),('M12','SS2','SD','7.99','buy'),('M12','SS2','HD','7.99','buy'),('M13','SS2','SD','7.99','buy'),('M13','SS2','HD','7.99','buy'),('M13','SS2','4K','3.99','rent'),('M13','SS2','4K','7.99','buy'),('M14','SS2','SD','7.99','buy'),('M14','SS2','HD','9.99','buy'),('M14','SS2','4K','3.99','rent'),('M14','SS2','4K','9.99','buy'),('M15','SS2','HD','7.99','buy'),('M16','SS2','SD','3.99','rent'),('M16','SS2','HD','3.99','rent'),('M16','SS2','HD','7.99','buy'),('M16','SS2','4K','7.99','buy'),('M17','SS2','4K','7.99','buy'),('M18','SS2','SD','14.99','buy'),('M18','SS2','HD','14.99','buy'),('M18','SS2','4K','3.99','rent'),('M19','SS2','SD','3.99','rent'),('M19','SS2','HD','3.99','rent'),('M2','SS2','SD','9.99','buy'),('M2','SS2','HD','3.99','rent'),('M2','SS2','HD','9.99','buy'),('M2','SS2','4K','9.99','buy'),('M20','SS2','SD','7.99','buy'),('M21','SS2','4K','3.99','rent'),('M22','SS2','SD','9.99','buy'),('M22','SS2','HD','9.99','buy'),('M22','SS2','4K','9.99','buy'),('M23','SS2','HD','3.99','rent'),('M23','SS2','4K','4.99','buy'),('M24','SS2','HD','14.99','buy'),('M25','SS2','SD','14.99','buy'),('M25','SS2','HD','14.99','buy'),('M25','SS2','HD','3.99','rent'),('M25','SS2','4K','14.99','buy'),('M25','SS2','4K','3.99','rent'),('M26','SS2','HD','19.99','buy'),('M26','SS2','HD','3.99','rent'),('M27','SS2','SD','14.99','buy'),('M27','SS2','HD','3.99','rent'),('M28','SS2','SD','9.99','buy'),('M28','SS2','HD','3.99','rent'),('M29','SS2','SD','5.99','rent'),('M29','SS2','SD','9.99','buy'),('M29','SS2','HD','9.99','buy'),('M3','SS2','SD','3.99','rent'),('M3','SS2','SD','4.99','buy'),('M3','SS2','HD','4.99','buy'),('M30','SS2','SD','3.99','rent'),('M30','SS2','HD','9.99','buy'),('M4','SS2','SD','3.99','rent'),('M4','SS2','SD','7.99','buy'),('M4','SS2','HD','3.99','rent'),('M4','SS2','4K','7.99','buy'),('M5','SS2','SD','3.99','rent'),('M5','SS2','SD','7.99','buy'),('M5','SS2','HD','3.99','rent'),('M5','SS2','HD','7.99','buy'),('M6','SS2','SD','14.99','buy'),('M6','SS2','HD','3.99','rent'),('M6','SS2','4K','14.99','buy'),('M7','SS2','SD','14.99','buy'),('M7','SS2','SD','2.99','rent'),('M7','SS2','HD','3.99','rent'),('M8','SS2','SD','19.99','buy'),('M8','SS2','SD','3.99','rent'),('M8','SS2','HD','3.99','rent'),('M8','SS2','4K','14.99','buy'),('M17','SS3','SD','sub','subscription'),('M17','SS3','HD','sub','subscription'),('M17','SS3','4K','sub','subscription'),('M18','SS3','SD','sub','subscription'),('M18','SS3','HD','sub','subscription'),('M19','SS3','SD','sub','subscription'),('M19','SS3','HD','sub','subscription'),('M20','SS3','SD','sub','subscription'),('M21','SS3','SD','sub','subscription'),('M21','SS3','HD','sub','subscription'),('M22','SS3','SD','sub','subscription'),('M24','SS3','SD','sub','subscription'),('M24','SS3','HD','sub','subscription'),('M25','SS3','SD','sub','subscription'),('M25','SS3','HD','sub','subscription'),('M28','SS3','SD','sub','subscription'),('M28','SS3','HD','sub','subscription'),('M28','SS3','4K','sub','subscription'),('M29','SS3','SD','sub','subscription'),('M29','SS3','HD','sub','subscription'),('M29','SS3','4K','sub','subscription'),('M30','SS3','SD','sub','subscription'),('M30','SS3','HD','sub','subscription'),('M30','SS3','4K','sub','subscription'),('M23','SS4','SD','sub','subscription'),('M27','SS4','SD','sub','subscription'),('M27','SS4','HD','sub','subscription'),('M30','SS4','SD','sub','subscription'),('M30','SS4','HD','sub','subscription'),('M1','SS5','SD','3.79','rent'),('M1','SS5','SD','7.99','buy'),('M1','SS5','HD','3.79','rent'),('M1','SS5','HD','7.99','buy'),('M1','SS5','4K','3.99','rent'),('M10','SS5','SD','3.99','rent'),('M10','SS5','HD','4.99','buy'),('M10','SS5','4K','4.99','buy'),('M11','SS5','SD','6.99','buy'),('M11','SS5','HD','3.99','rent'),('M11','SS5','HD','6.99','buy'),('M11','SS5','4K','6.99','buy'),('M12','SS5','SD','5.99','rent'),('M12','SS5','SD','7.99','buy'),('M12','SS5','HD','5.99','rent'),('M12','SS5','HD','7.99','buy'),('M13','SS5','4K','3.79','rent'),('M14','SS5','SD','sub','subscription'),('M14','SS5','HD','sub','subscription'),('M14','SS5','4K','sub','subscription'),('M15','SS5','SD','4.99','buy'),('M15','SS5','HD','sub','subscription'),('M15','SS5','4K','4.99','buy'),('M16','SS5','SD','6.99','buy'),('M16','SS5','4K','3.79','rent'),('M16','SS5','4K','sub','subscription'),('M17','SS5','SD','7.99','buy'),('M18','SS5','SD','3.79','rent'),('M19','SS5','HD','14.99','buy'),('M2','SS5','HD','9.99','buy'),('M20','SS5','HD','3.89','rent'),('M20','SS5','HD','7.99','buy'),('M21','SS5','SD','2.99','rent'),('M21','SS5','HD','13.49','buy'),('M21','SS5','4K','3.99','rent'),('M21','SS5','4K','9.99','buy'),('M22','SS5','SD','3.79','rent'),('M22','SS5','4K','3.79','rent'),('M23','SS5','HD','4.99','buy'),('M23','SS5','4K','3.79','rent'),('M24','SS5','SD','14.99','buy'),('M26','SS5','SD','3.79','rent'),('M28','SS5','SD','9.99','buy'),('M28','SS5','HD','9.99','buy'),('M28','SS5','4K','3.99','rent'),('M29','SS5','SD','9.99','buy'),('M29','SS5','HD','5.99','rent'),('M3','SS5','SD','3.99','rent'),('M30','SS5','HD','3.99','rent'),('M30','SS5','4K','3.99','rent'),('M4','SS5','SD','3.79','rent'),('M4','SS5','HD','7.99','buy'),('M4','SS5','4K','3.79','rent'),('M5','SS5','SD','3.99','rent'),('M5','SS5','HD','6.99','buy'),('M6','SS5','SD','14.69','buy'),('M6','SS5','SD','2.89','rent'),('M6','SS5','HD','14.69','buy'),('M6','SS5','4K','2.89','rent'),('M7','SS5','SD','2.79','rent'),('M7','SS5','HD','14.99','buy'),('M8','SS5','SD','19.99','buy'),('M8','SS5','HD','19.99','buy'),('M8','SS5','4K','13.89','buy'),('M8','SS5','4K','3.79','rent'),('M1','SS6','4K','7.99','buy'),('M10','SS6','4K','3.99','rent'),('M11','SS6','SD','3.79','rent'),('M11','SS6','4K','3.79','rent'),('M12','SS6','4K','14.99','buy'),('M13','SS6','SD','29.99','buy'),('M15','SS6','SD','3.99','rent'),('M15','SS6','4K','3.99','rent'),('M16','SS6','SD','3.99','rent'),('M16','SS6','4K','16.99','buy'),('M17','SS6','4K','3.99','rent'),('M18','SS6','SD','14.99','buy'),('M18','SS6','4K','14.99','buy'),('M19','SS6','SD','14.99','buy'),('M2','SS6','SD','3.99','rent'),('M2','SS6','SD','9.99','buy'),('M2','SS6','4K','3.99','rent'),('M21','SS6','SD','9.99','buy'),('M21','SS6','HD','14.99','buy'),('M23','SS6','HD','14.99','buy'),('M24','SS6','SD','14.99','buy'),('M25','SS6','4K','3.99','rent'),('M26','SS6','HD','19.79','buy'),('M27','SS6','HD','14.99','buy'),('M28','SS6','4K','14.99','buy'),('M29','SS6','4K','9.99','buy'),('M3','SS6','SD','9.99','buy'),('M3','SS6','HD','3.99','rent'),('M30','SS6','4K','14.99','buy'),('M4','SS6','SD','7.99','buy'),('M4','SS6','4K','14.99','buy'),('M5','SS6','SD','3.99','rent'),('M5','SS6','HD','3.99','rent'),('M7','SS6','SD','14.99','buy'),('M7','SS6','SD','3.99','rent'),('M7','SS6','HD','14.99','buy'),('M8','SS6','SD','3.79','rent'),('M8','SS6','HD','14.99','buy'),('M1','SS7','HD','3.99','rent'),('M1','SS7','4K','14.99','buy'),('M10','SS7','SD','5.00','buy'),('M10','SS7','HD','5.00','buy'),('M11','SS7','4K','12.99','buy'),('M13','SS7','SD','3.99','rent'),('M13','SS7','HD','3.99','rent'),('M13','SS7','4K','7.99','buy'),('M14','SS7','SD','7.99','buy'),('M14','SS7','HD','7.99','buy'),('M14','SS7','4K','9.99','buy'),('M15','SS7','HD','3.99','rent'),('M16','SS7','HD','16.99','buy'),('M17','SS7','HD','14.99','buy'),('M17','SS7','HD','3.99','rent'),('M17','SS7','4K','14.99','buy'),('M18','SS7','HD','14.99','buy'),('M18','SS7','HD','3.99','rent'),('M18','SS7','4K','14.99','buy'),('M19','SS7','HD','14.99','buy'),('M2','SS7','HD','3.99','rent'),('M2','SS7','4K','3.99','rent'),('M20','SS7','HD','14.99','buy'),('M21','SS7','HD','3.99','rent'),('M21','SS7','4K','14.99','buy'),('M22','SS7','HD','3.99','rent'),('M22','SS7','4K','3.99','rent'),('M23','SS7','SD','5.00','buy'),('M23','SS7','4K','5.00','buy'),('M24','SS7','HD','2.99','rent'),('M25','SS7','SD','14.99','buy'),('M25','SS7','HD','14.99','buy'),('M25','SS7','4K','14.99','buy'),('M26','SS7','SD','14.99','buy'),('M27','SS7','SD','3.99','rent'),('M27','SS7','4K','14.99','buy'),('M28','SS7','HD','9.99','buy'),('M29','SS7','SD','19.99','buy'),('M29','SS7','4K','19.99','buy'),('M3','SS7','SD','9.99','buy'),('M3','SS7','HD','9.99','buy'),('M30','SS7','SD','9.99','buy'),('M4','SS7','HD','14.99','buy'),('M4','SS7','HD','3.99','rent'),('M6','SS7','SD','14.99','buy'),('M6','SS7','SD','2.99','rent'),('M6','SS7','HD','14.99','buy'),('M6','SS7','4K','14.99','buy'),('M8','SS7','SD','14.99','buy'),('M8','SS7','HD','3.99','rent'),('M8','SS7','4K','3.99','rent'),('M1','SS9','SD','3.99','rent'),('M1','SS9','SD','7.99','buy'),('M10','SS9','SD','4.99','buy'),('M11','SS9','4K','3.79','rent'),('M12','SS9','4K','14.99','buy'),('M13','SS9','HD','29.99','buy'),('M14','SS9','SD','3.99','rent'),('M14','SS9','HD','3.99','rent'),('M15','SS9','SD','4.99','buy'),('M15','SS9','4K','4.99','buy'),('M16','SS9','SD','6.99','buy'),('M17','SS9','SD','3.99','rent'),('M18','SS9','4K','3.99','rent'),('M19','SS9','SD','14.99','buy'),('M2','SS9','SD','3.99','rent'),('M2','SS9','SD','9.99','buy'),('M2','SS9','4K','9.99','buy'),('M20','SS9','SD','14.99','buy'),('M20','SS9','SD','3.99','rent'),('M21','SS9','SD','9.99','buy'),('M22','SS9','HD','12.99','buy'),('M22','SS9','4K','13.89','buy'),('M24','SS9','SD','3.39','rent'),('M24','SS9','HD','14.99','buy'),('M25','SS9','SD','3.99','rent'),('M26','SS9','SD','19.79','buy'),('M28','SS9','4K','14.99','buy'),('M29','SS9','4K','5.99','rent'),('M3','SS9','SD','3.99','rent'),('M3','SS9','HD','3.99','rent'),('M30','SS9','4K','3.99','rent'),('M4','SS9','SD','7.99','buy'),('M4','SS9','4K','3.99','rent'),('M5','SS9','SD','6.99','buy'),('M6','SS9','SD','2.99','rent'),('M6','SS9','4K','2.89','rent'),('M7','SS9','SD','14.99','buy'),('M7','SS9','HD','3.79','rent'),('M8','SS9','SD','3.79','rent');
/*!40000 ALTER TABLE `movieQualityPrice` ENABLE KEYS */;
UNLOCK TABLES;

--
-- Table structure for table `numSeasons`
--

DROP TABLE IF EXISTS `numSeasons`;
/*!40101 SET @saved_cs_client     = @@character_set_client */;
/*!50503 SET character_set_client = utf8mb4 */;
CREATE TABLE `numSeasons` (
  `tv_id` varchar(50) NOT NULL,
  `num` int NOT NULL,
  PRIMARY KEY (`tv_id`,`num`),
  CONSTRAINT `numseasons_ibfk_1` FOREIGN KEY (`tv_id`) REFERENCES `media` (`id`)
) ENGINE=InnoDB DEFAULT CHARSET=utf8mb4 COLLATE=utf8mb4_0900_ai_ci;
/*!40101 SET character_set_client = @saved_cs_client */;

--
-- Dumping data for table `numSeasons`
--

LOCK TABLES `numSeasons` WRITE;
/*!40000 ALTER TABLE `numSeasons` DISABLE KEYS */;
INSERT INTO `numSeasons` VALUES ('T1',5),('T10',3),('T11',12),('T12',6),('T13',7),('T14',6),('T15',3),('T16',4),('T17',7),('T18',3),('T19',6),('T2',8),('T20',4),('T3',20),('T4',5),('T5',10),('T6',36),('T7',26),('T8',3),('T9',2);
/*!40000 ALTER TABLE `numSeasons` ENABLE KEYS */;
UNLOCK TABLES;

--
-- Table structure for table `season`
--

DROP TABLE IF EXISTS `season`;
/*!40101 SET @saved_cs_client     = @@character_set_client */;
/*!50503 SET character_set_client = utf8mb4 */;
CREATE TABLE `season` (
  `tv_id` varchar(50) NOT NULL,
  `seasonNum` varchar(10) NOT NULL,
  `synopsis` text,
  `releaseYear` char(4) DEFAULT NULL,
  `numEpisodes` int DEFAULT NULL,
  PRIMARY KEY (`tv_id`,`seasonNum`),
  CONSTRAINT `season_ibfk_1` FOREIGN KEY (`tv_id`) REFERENCES `media` (`id`)
) ENGINE=InnoDB DEFAULT CHARSET=utf8mb4 COLLATE=utf8mb4_0900_ai_ci;
/*!40101 SET character_set_client = @saved_cs_client */;

--
-- Dumping data for table `season`
--

LOCK TABLES `season` WRITE;
/*!40000 ALTER TABLE `season` DISABLE KEYS */;
INSERT INTO `season` VALUES ('T1','1','High school chemistry teacher Walter Whites life is suddenly transformed by a dire medical diagnosis. Street-savvy former student Jesse Pinkman \"teaches\" Walter a new trade','2008',7),('T1','2','Walt must deal with the chain reaction of his choice, as he and Jesse face new and severe consequences. When danger and suspicion around Walt escalate, he is pushed to new levels of \n desperation. Just how much higher will the stakes rise? How far is Walt willing to go to ensure his familys security? Will his grand plan spiral out of control?','2009',13),('T1','4','Walt and Jesse must cope with the fallout of their previous actions, both personally and professionally. Tension mounts as Walt faces a true standoff with his employer, Gus, with neither \nside willing or able to back down. Walt must also adjust to a new relationship with Skyler, whom while still reconciling her relationship with Walt, is committed to properly laundering Walt’s\n money and ensuring her sister Marie and an ailing Hank are financially stable','2011',13),('T10','1',NULL,'2022',7),('T10','2','Isabel Conklin’s summers are spent with her family at a beach house in Cape Cod. Last summer saw her in a love triangle between brothers Jeremiah and Conrad.\n The confusion and longing were part of her growth but this summer is shaping up to be as full of drama as the one before it. Will Isabel follow her heart and\n be brave enough to say what she really wants?','2023',8),('T11','10','Leonard and Penny renew their vows, this time inviting their friends and family for wedding party; they also learn that marriage is about compromise, \n and figure out how to support each other. Sheldon and Amy experiment to take their relationship to the next level, and after an emotional struggle they\n move in together in Pennys old apartment. Howard and Bernadette realise that being a parent is a full-time job, but with the help of their friends \n they manage to find joy in raising their child. When his friends tell him hes extremely spoiled, Raj decides to stop taking his fathers money and\n learn how to make ends meet','2016',20),('T11','11','After years of only looking out for himself, Sheldon found Amy Farrah Fowler to be the most patient woman to ever walk the earth, and... they did it!\n Wedding fever continues in season 11','2017',20),('T11','6','Whether on or above Earth, hilarity is outrageously universal in TVs most popular comedy featuring four forward-thinking but socially backward geniuses.\n Fun discoveries multiply: Leonard learns jealousy is bad for a relationship (with Penny) but science is good for seduction (of Penny). Howard finds life\n in the International Space Station life is no escape from terrestrial turmoil between his mom and his new wife Bernadette. Raj meets someone special who\n may be a good match, if he can keep her from fleeing mid-date. And then theres Sheldon. He learns what not to say after facing harassment charges or \n competing for tenure at work and how Dungeons & Dragons can be the icebreaker his relationship with Amy needs','2012',20),('T12','2','Sex, lies and scandals never take a vacation. Rumors is the temperature began to climb between Nate and Serena, who escaped to Hamptons for the summer following\n their break-up with Lonely Boy. As summer draws to a close, Blair returns from abroad with a hot guy on her arm and Dan, who has spent the summer assisting a\n famous author, decides to head to the Hamptons. Then, everyone gets back to the city for senior year. Applying for college is only one small part of the story\n as new romances (and some not-so-new romances) bloom and fade, scandals erupt at every turn, and alliances shift even faster than Gossip Girl can send an update','2008',20),('T12','4','Season fours main mystery revolves around Juliet Sharp, a secretive girl with an agenda against Serena involving her past. The second half of the season\n builds on the complications of Serenas new found relationship with her former teacher Colin, Chuck trying to regain control of Bass Industries from Russell\n Thorpe, and Dan and Blairs growing friendship. The season also focuses on Lilys past betrayals coming back to haunt her; Chuck and Blairs tumultuous \n relationship after their break up; Dan and Vanessas deteriorating friendship; and the arrival of Serenas cousin Charlie Rhodes to the Upper East Side\n By the end of the season, Blair has ignored Chuck, Dan has told Vanessa they are no longer friends, and Serena is on that single grind','2010',20),('T12','6','Serena has gone off the grid, beyond even the reach of Gossip Girl. Her friends fear for the worst and hope for the best, but even they cant imagine where\n they will ultimately find her. Meanwhile, Blair has offered Chuck her heart, but is her love enough to help him win back his empire? Lonely Boy Dan has written\n a new book that promises to make even more trouble than the first, and this time he has no desire to remain anonymous. Nate is determined to finally reveal\n the true identity of Gossip Girl, thereby making a name for The Spectator, and himself. Lily and Rufus turn on one another when Rufus makes a surprising\n new ally who threatens Lily and her family. Anywhere else it would be too much drama to handle, but this is the Upper East Side','2012',10),('T13','2','After Rick and Morty decided to unfreeze time, they must deal with alien parasites, alternate Jerrys and a decaying, possibly non-existent dimension','2015',10),('T13','4','Rick and Morty set out on a series of new adventures in Season 4. The new season has more reality-altering adventures for the disgruntled\n genius scientist and his anxious grandson. This includes crystals that show the future, a magical dragon, a snake universe and an alien\n civilization controlled by parasites','2019',10),('T13','7','Rick is seeking revenge on Rick Prime. But before he can enact it, he will need to find him. Teaming up with Morty, Rick will need help to discover\n the whereabouts of Rick Prime and stop his diabolical schemes','2023',10),('T14','3','The action has moved on two years to 1924 and as Tommy starts married life he is more determined than ever to go legitimate and keep his family safe\n  But he finds himself pulled into a web of intrigue more lethal than anything he has yet encountered','2016',6),('T14','4','It is 1924, Tommy Shelby is caught in a dangerous web of international intrigue.','2017',6),('T14','6','1934 brings both opportunities and dangers to the Peaky Blinders. Beset by demons old and new, Tommy Shelby conceives a radical strategy to deal \n with a world on the road to hell, continuing his war against fascist politician Oswald Mosley and crossing paths with a mysterious new character','2022',6),('T15','1','Set after the fall of the Empire and before the emergence of the First Order. We follow the travails of a lone gunfighter in the outer reaches of the galaxy\n far from the authority of the New Republic','2019',8),('T15','2','The Mandalorian and the Child continue their journey, facing enemies and rallying allies as they make their way through a dangerous galaxy in the tumultuous\n era after the collapse of the Galactic Empire','2020',8),('T15','3','After a close encounter with a Jedi Master, Din Djarin returns for more adventures in The Mandalorian season 3. While traveling across the galaxy, the \n Mandalorians dangerous path leads to another encounter with hardened villain Moff Gideon – the warlord who unrelentingly hunted young force-sensitive\n Grogu for his own gain. When the pair last met, Din was able to defeat Moff Gideon and claim the Darksaber, a special weapon of huge historical importance\n to Mandalorian culture. Now, Din must decide on the rightful place of the Darksaber as he returns to Mandalore seeking redemption. All the while, the \n powers of young Grogu are increasing and the unlikely duo are becoming a force to be reckoned with across the galaxy','2023',8),('T16','1','Geralt of Rivia, a mutated monster-hunter for hire, journeys toward his destiny in a turbulent world where people often prove more wicked than beasts','2019',8),('T16','3','Every creature and King is searching for the former princess, Ciri as her mysterious powers grow in strength.\n The protective warrior with a dark past, Geralt offers Ciri safe passage and takes her quickly into hiding. In the fortress of Aretuza, Yennefer,\n Ciri and Geralt are momentarily safe but for how long can they keep the forces of evil at bay','2022',8),('T16','4','Liam Hemsworth takes over the role of Geralt in the fourth season of The Witcher. This time, a war rages between Nilfgaard and the Northern Kingdoms.\n Geralt embarks on a journey to assemble a group of fighters that sees Milva of Brokilon Forest, Zoltan Chivay, and Regis join forces. Yennefer helps\n in the founding of the Lodge of Sorceresses, and Ciri finds herself embroiled with a gang known as The Rats','2023',0),('T17','2','Book Two begins as Claire and Jamie arrive in France, hell-bent on infiltrating the Jacobite rebellion led by Prince Charles Stuart, and stopping the\n battle of Culloden. With the help of his cousin Jared, a local wine merchant, Jamie and Claire are thrown into the lavish world of French society, where\n intrigue and parties are abundant, but political gain proves far less fruitful. Altering the course of history presents challenges that begin to weigh\n on the very fabric of their relationship. However, armed with the knowledge of what lies ahead, Claire and Jamie must race to prevent a doomed Highland\n uprising, and the extinction of Scottish life as they know it.','2016',13),('T17','6','The impending Revolutionary War serves as a backdrop to the highly awaited sixth season of Outlander. Caitriona Balfe and Sam Heughan are back in their\n roles as Claire and Jaime, and the couple have built a home together on Fraser’s Ridge where other families like the Christies have arrived – and are sure\n to create a great deal of drama for the couple . Claire and Jamie fight to protect the people they care for and navigate life in colonial America – including\n religious conflicts Jamie must deal with. Outlander is based on a series of novels by Diana Gabaldon','2022',8),('T17','7','The Revolutionary War is arriving at Fraser’s Ridge. Jamie, fresh from being rescued himself, is on track to break Claire free from her imprisonment in\n Wilmington. The mystery of who is responsible for the crime that Claire is wrongfully imprisoned for looms large. Someone must pay for the death of Malva.\n Meanwhile, Roger and Brianna are expecting their second child and looking for a place to settle down. But with the war bubbling under the surface, is\n there a safe place for anyone to turn to?','2023',16),('T18','1',NULL,'2014',20),('T18','2',NULL,'2015',20),('T18','3',NULL,'2016',20),('T19','2','The second season of iCarly aired on Nickelodeon from September 27, 2008 to August 8, 2009. The season continues the stories of Carly Shay,\n Sam Puckett, and Freddie Benson as they produce their own web show called \"iCarly.\" Jerry Trainor co-stars as Carlys big brother Spencer.\n This season is the first to have a major plot twist, as it sees Sam and Freddie sharing their first kiss, just to avoid the frustration\n of not having a first kiss. This is followed by them becoming somewhat closer. This season contained the special \"iChristmas\".\n The second season consisted of 45 episodes, with 25 of them airing as part of the second season before the remaining 20 were\n marketed as the third season','2008',20),('T19','5','The fifth season of iCarly began airing on Nickelodeon on August 13, 2011 and finished its run on January 21, 2012. This season features Carly Shay,\n Sam Puckett, Freddie Benson and Gibby Gibson as their web show, iCarly, is becoming more popular worldwide, with Sam and Freddie now as a confirmed\n couple, until the episode, \"iLove You\". Jerry Trainor co-stars as Carlys older brother Spencer, and Noah Munck co-stars as Gibby. This season had the\n specials \"iLost My Mind, iDate Sam & Freddie, iBloop 2: Electric Bloopaloo, and iMeet the First Lady','2011',11),('T19','6','The sixth season of iCarly began airing on Nickelodeon on March 24, 2012 and ended on June 9, 2012. This season features Carly Shay, Sam Puckett,\n Freddie Benson and Gibby Gibson as their web show, iCarly, is becoming more popular worldwide. This is by far the shortest season of iCarly','2012',15),('T2','4','The War of the Five Kings is drawing to a close, but new intrigues and plots are in motion, and the surviving factions must contend with enemies not only outside their ranks, but within','2014',10),('T2','6','Following the shocking developments at the conclusion of season five, survivors from all parts of Westeros and Essos regroup to press forward, inexorably, towards their uncertain \n individual fates. Familiar faces will forge new alliances to bolster their strategic chances at survival, while new characters will emerge to challenge the balance of power in the east,\n west, north and south','2016',10),('T2','8','The Great War has come, the Wall has fallen and the Night Kings army of the dead marches towards Westeros. The end is here, but who will take the Iron Throne?','2019',6),('T20','1',NULL,'2010',20),('T20','3',NULL,'2012',13),('T20','4',NULL,'2012',13),('T3','11','During an interview, Shonda Rhimes stated that \"Season 11 is really a Meredith-centric season. She lost her ‘person’, her half-sister has shown up, her husband is chafing to go someplace else…”\n She went on to reveal that shes been wanting to do the familial grenade storyline for a long time, and at the end of Season 10, she knew it was the time to do it. Rhimes also claimed that Season \n 11 will pick up right where Season 10 left us, so there wont be much that the audience wont see. In another interview discussing this storyline, Rhimes revealed that she and the writers are \n thinking about doing flashback periods to the younger days of Drs. Ellis Grey and Richard Webber','2014',20),('T3','20',NULL,'2023',0),('T3','9','Its a year of bold new beginnings as your favorite doctors return to Seattle Grace for the biggest challenge of their lives. The plane crash that took the lives of Lexie Grey and Mark Sloan \n sent shockwaves throughout the hospital. But from the ashes, romance will rise, with each surgeon handling the loss in their own personal way. Meredith finds her groove in the operating room \n while Dereks hand injury forces him to focus on something other than surgery. And as Mark prepares to say goodbye, Alex falls for someone new, Cristina tries to rekindle the flame with Owen,\n and Bailey and Ben discover the perils of a long-distance relationship.','2012',20),('T4','2','Its been nearly a year since Wills strange disappearance. But lifes hardly back to normal in Hawkins. Not even close','2017',9),('T4','3','Budding romance. A brand-new mall. And rabid rats running toward danger. Its the summer of 1985 in Hawkins ... and one summer can change everything.','2019',8),('T4','4','Hopper finds himself imprisoned on the snow-filled wastelands of Kamchatka. While he remains captured in Russia, he must face several threats to his life – only some of which are human.\n Meanwhile, back home in the United States something mysterious and horrifying is about to emerge. This revelation promises to tie everything together and present a new threat to Eleven\n , Mike, Dustin, Lucas and Will','2022',9),('T5','1','The first season of Friends, an American sitcom created by David Crane and Marta Kauffman, premiered on NBC on September 22, 1994. Friends was produced\n by Bright/Kauffman/Crane Productions, in association with Warner Bros. Television. The season contains 24 episodes and concluded airing on May 18, 1995','1994',20),('T5','6','The sixth season of Friends, an American sitcom created by David Crane and Marta Kauffman, premiered on NBC on September 23, 1999. Friends was produced by \n Bright/Kauffman/Crane Productions, in association with Warner Bros. Television. The season contains 25 episodes and concluded airing on May 18, 2000','1999',20),('T5','9','The ninth season of Friends, an American sitcom created by David Crane and Marta Kauffman, premiered on NBC on September 26, 2002. Friends\n was produced by Bright/Kauffman/Crane Productions, in association with Warner Bros. Television. The season contains 24 episodes and concluded airing on May 15, 2003.','2002',20),('T6','17','The Simpsons seventeenth season originally aired between September 2005 and May 2006, beginning on Sunday, September 11, 2005. It broke Foxs tradition of pushing\n its shows season premieres back to November to accommodate the Major League Baseball games airing on the network during September and October of each year','2005',20),('T6','30','The thirtieth season of The Simpsons began airing on September 30, 2018 and concluded on May 12, 2019','2018',20),('T6','34',NULL,'2022',20),('T7','16','oin Cartman, Kenny, Stan and Kyle as they hunt down the mythical Jewpacabra, ‘sketti wrestle with reality stars, and go jackin’ it in San Diego. \n For them, its all part of growing up in South Park.','2012',14),('T7','20','Join Cartman, Kenny, Stan and Kyle as they confront online trolling, face the member berry epidemic, and come to terms with Cartman having a girlfriend. \n For them, it’s all part of growing up in South Park!','2016',10),('T7','22','Join Stan, Kyle, Cartman, Kenny as they deal the vaping epidemic, Cartman’s anxiety disorder, and the fact that they didnt take the threat of ManBearPig \"cereal\"\n enough the first time around. For them, it’s all part of growing up in South Park!','2018',10),('T8','1','On an island of haves and have-nots, teen John B enlists his three best friends to hunt for a legendary treasure linked to his fathers disappearance','2020',10),('T8','2','With a fortune in gold at stake and their futures on the line, the Pogues rush headlong into danger and a fresh mystery as they face foes old and new.','2021',10),('T8','3','Having lost their mysterious treasure and their place in the Outer Banks, the Pogues are starting anew in Poguelandia. John B. and the gang are almost \n convinced of their new home until circumstances catch up with them. Before they know it, the Pogues are back in search of the treasure. A shadowy \n new villain stalks their steps and the shocking return of John B.’s father adds extra jeopardy to their adventures','2023',10),('T9','1','Euphoria follows a group of high schoolers as they explore the worlds of drugs, sexuality, and violence.','2019',8),('T9','2','Euphoria follows the trials and tribulations of a group of high school students. Season 2 begins as Rue and Jules have an unexpected encounter for the \n first time since Christmas. This leads Jules to question her new friendship with Elliot. Meanwhile, Cal also searches for answers.The show’s ensemble\n cast includes Zendaya, Maude Apatow, Angus Cloud, Eric Dane, Alexa Demie, and Sydney Sweeney. It is based on the Israeli show of the same name. \n Euphoria is executive produced by Canadian rapper Drake.','2022',8);
/*!40000 ALTER TABLE `season` ENABLE KEYS */;
UNLOCK TABLES;

--
-- Table structure for table `showQuality`
--

DROP TABLE IF EXISTS `showQuality`;
/*!40101 SET @saved_cs_client     = @@character_set_client */;
/*!50503 SET character_set_client = utf8mb4 */;
CREATE TABLE `showQuality` (
  `media_id` varchar(50) NOT NULL,
  `service_id` varchar(50) NOT NULL,
  `quality` enum('SD','HD','4K') NOT NULL,
  `status` enum('stream','rent','buy') NOT NULL,
  PRIMARY KEY (`media_id`,`service_id`,`quality`,`status`),
  KEY `service_id` (`service_id`),
  CONSTRAINT `showquality_ibfk_1` FOREIGN KEY (`media_id`) REFERENCES `media` (`id`),
  CONSTRAINT `showquality_ibfk_2` FOREIGN KEY (`service_id`) REFERENCES `streamingServices` (`id`)
) ENGINE=InnoDB DEFAULT CHARSET=utf8mb4 COLLATE=utf8mb4_0900_ai_ci;
/*!40101 SET character_set_client = @saved_cs_client */;

--
-- Dumping data for table `showQuality`
--

LOCK TABLES `showQuality` WRITE;
/*!40000 ALTER TABLE `showQuality` DISABLE KEYS */;
INSERT INTO `showQuality` VALUES ('T1','SS1','SD','stream'),('T1','SS1','HD','stream'),('T1','SS1','4K','stream'),('T14','SS1','SD','stream'),('T14','SS1','HD','stream'),('T14','SS1','4K','stream'),('T16','SS1','SD','stream'),('T16','SS1','HD','stream'),('T16','SS1','4K','stream'),('T17','SS1','SD','stream'),('T17','SS1','HD','stream'),('T17','SS1','4K','stream'),('T19','SS1','HD','stream'),('T20','SS1','SD','stream'),('T3','SS1','HD','stream'),('T4','SS1','SD','stream'),('T4','SS1','HD','stream'),('T4','SS1','4K','stream'),('T8','SS1','SD','stream'),('T8','SS1','HD','stream'),('T8','SS1','4K','stream'),('T17','SS10','SD','stream'),('T17','SS10','HD','stream'),('T2','SS10','SD','stream'),('T2','SS10','HD','stream'),('T5','SS10','SD','stream'),('T7','SS10','HD','stream'),('T19','SS12','SD','stream'),('T3','SS12','HD','stream'),('T5','SS12','HD','stream'),('T6','SS12','HD','stream'),('T19','SS15','SD','stream'),('T20','SS15','SD','stream'),('T20','SS15','HD','stream'),('T15','SS16','SD','stream'),('T15','SS16','HD','stream'),('T15','SS16','4K','stream'),('T18','SS16','SD','stream'),('T18','SS16','HD','stream'),('T6','SS16','SD','stream'),('T6','SS16','HD','stream'),('T1','SS2','SD','buy'),('T11','SS2','HD','buy'),('T12','SS2','SD','buy'),('T12','SS2','HD','buy'),('T13','SS2','SD','buy'),('T14','SS2','SD','buy'),('T14','SS2','HD','buy'),('T17','SS2','SD','buy'),('T17','SS2','HD','buy'),('T18','SS2','SD','buy'),('T18','SS2','HD','buy'),('T2','SS2','SD','buy'),('T20','SS2','SD','buy'),('T20','SS2','HD','buy'),('T3','SS2','SD','buy'),('T5','SS2','HD','buy'),('T6','SS2','SD','buy'),('T7','SS2','SD','buy'),('T9','SS2','HD','buy'),('T11','SS3','SD','stream'),('T11','SS3','HD','stream'),('T12','SS3','SD','stream'),('T12','SS3','HD','stream'),('T13','SS3','SD','stream'),('T13','SS3','HD','stream'),('T2','SS3','SD','stream'),('T2','SS3','4K','stream'),('T5','SS3','SD','stream'),('T7','SS3','SD','stream'),('T7','SS3','HD','stream'),('T7','SS3','4K','stream'),('T9','SS3','SD','stream'),('T9','SS3','HD','stream'),('T9','SS3','4K','stream'),('T13','SS4','SD','stream'),('T3','SS4','SD','stream'),('T1','SS5','SD','buy'),('T1','SS5','4K','buy'),('T10','SS5','SD','stream'),('T10','SS5','HD','stream'),('T10','SS5','4K','stream'),('T11','SS5','SD','buy'),('T12','SS5','SD','buy'),('T14','SS5','SD','buy'),('T14','SS5','HD','buy'),('T19','SS5','HD','buy'),('T3','SS5','HD','buy'),('T7','SS5','SD','buy'),('T9','SS5','HD','buy'),('T1','SS6','HD','buy'),('T11','SS6','HD','buy'),('T13','SS6','HD','buy'),('T18','SS6','SD','buy'),('T18','SS6','HD','buy'),('T2','SS6','HD','buy'),('T20','SS6','HD','buy'),('T3','SS6','SD','buy'),('T5','SS6','HD','buy'),('T6','SS6','SD','buy'),('T7','SS6','HD','buy'),('T9','SS6','SD','buy'),('T1','SS7','HD','buy'),('T11','SS7','SD','buy'),('T12','SS7','HD','buy'),('T13','SS7','HD','buy'),('T19','SS7','SD','buy'),('T19','SS7','HD','buy'),('T2','SS7','HD','buy'),('T2','SS7','4K','buy'),('T5','SS7','SD','buy'),('T6','SS7','HD','buy'),('T9','SS7','SD','buy');
/*!40000 ALTER TABLE `showQuality` ENABLE KEYS */;
UNLOCK TABLES;

--
-- Table structure for table `sports`
--

DROP TABLE IF EXISTS `sports`;
/*!40101 SET @saved_cs_client     = @@character_set_client */;
/*!50503 SET character_set_client = utf8mb4 */;
CREATE TABLE `sports` (
  `id` varchar(50) NOT NULL,
  `sport` varchar(50) DEFAULT NULL,
  `league` varchar(50) DEFAULT NULL,
  `competition` varchar(100) DEFAULT NULL,
  `start_datetime` datetime DEFAULT NULL,
  `end_datetime` datetime DEFAULT NULL,
  `title` varchar(70) DEFAULT NULL,
  PRIMARY KEY (`id`)
) ENGINE=InnoDB DEFAULT CHARSET=utf8mb4 COLLATE=utf8mb4_0900_ai_ci;
/*!40101 SET character_set_client = @saved_cs_client */;

--
-- Dumping data for table `sports`
--

LOCK TABLES `sports` WRITE;
/*!40000 ALTER TABLE `sports` DISABLE KEYS */;
INSERT INTO `sports` VALUES ('S1','Football','NFL','Buffalo Bills vs. Miami Dolphins','2023-11-25 18:30:00','2023-11-25 20:30:00','Buffalo Bills vs Miami Dolphins'),('S10','Tennis','WTA','French Open - Womens Final','2023-06-10 15:00:00','2023-06-10 17:00:00','Barty vs. Osaka'),('S11','Tennis','ATP','Wimbledon - Mens Final','2023-07-16 14:00:00','2023-07-16 16:00:00','Federer vs. Medvedev'),('S12','Tennis','US Open','US Open - Womens Final','2023-09-09 20:30:00','2023-09-09 22:30:00','Williams vs. Andreescu'),('S13','Soccer','Premier League','Manchester Derby','2023-02-12 17:30:00','2023-02-12 19:30:00','Manchester United vs. Manchester City'),('S14','Soccer','La Liga','El Clásico','2023-04-02 20:00:00','2023-04-02 22:00:00','Real Madrid vs. Barcelona'),('S15','Soccer','Bundesliga','Der Klassiker','2023-05-20 15:30:00','2023-05-20 17:30:00','Bayern Munich vs. Borussia Dortmund'),('S16','Soccer','Serie A','Milan Derby','2023-09-24 18:00:00','2023-09-24 20:00:00','Inter Milan vs. AC Milan'),('S17','Baseball','MLB','World Series','2023-10-28 19:30:00','2023-10-28 21:30:00','World Series Game 1'),('S18','Baseball','MLB','American League Championship Series','2023-10-15 20:00:00','2023-10-15 22:00:00','ALCS Game 2'),('S19','Baseball','MLB','National League Championship Series','2023-10-16 19:45:00','2023-10-16 21:45:00','NLCS Game 1'),('S2','Football','NFL','New York Jets vs. Philadelphia Eagles','2023-11-26 21:00:00','2023-11-26 23:00:00','New York Jets vs. Philadelphia Eagles'),('S20','Baseball','Nippon Professional Baseball','Japan Series','2023-11-10 18:30:00','2023-11-10 20:30:00','Japan Series Game 3'),('S21','Ice Hockey','NHL','Stanley Cup Final','2023-06-01 19:00:00','2023-06-01 21:00:00','Stanley Cup Final Game 1'),('S22','Ice Hockey','NHL','Eastern Conference Final','2023-05-15 20:15:00','2023-05-15 22:15:00','ECF Game 3'),('S23','Ice Hockey','NHL','Western Conference Final','2023-05-18 18:45:00','2023-05-18 20:45:00','WCF Game 2'),('S24','Ice Hockey','NHL','Gagarin Cup Final','2023-04-12 17:30:00','2023-04-12 19:30:00','Gagarin Cup Final Game 4'),('S3','Football','NFL','Dallas Cowboys vs. Detroit Lions','2023-11-27 20:00:00','2023-11-27 22:00:00','Dallas Cowboys vs. Detroit Lions'),('S4','Football','NFL','Cleveland Browns vs. Chicago Bears','2023-11-28 19:45:00','2023-11-28 21:45:00','Cleveland Browns vs. Chicago Bears'),('S5','Basketball','NBA','Los Angeles Lakers vs. Golden State Warriors','2023-11-25 20:00:00','2023-11-25 22:00:00','Lakers vs. Warriors'),('S6','Basketball','NCAA','Duke vs. North Carolina','2023-11-26 18:30:00','2023-11-26 20:30:00','Duke vs. North Carolina'),('S7','Basketball','EuroLeague','CSKA Moscow vs. Real Madrid','2023-11-27 19:45:00','2023-11-27 21:45:00','CSKA Moscow vs. Real Madrid'),('S8','Basketball','NBA','Brooklyn Nets vs. Milwaukee Bucks','2023-11-28 21:00:00','2023-11-28 23:00:00','Nets vs. Bucks'),('S9','Tennis','ATP','Australian Open - Mens Final','2023-01-29 03:30:00','2023-01-29 05:30:00','Djokovic vs. Nadal');
/*!40000 ALTER TABLE `sports` ENABLE KEYS */;
UNLOCK TABLES;

--
-- Table structure for table `streamingServices`
--

DROP TABLE IF EXISTS `streamingServices`;
/*!40101 SET @saved_cs_client     = @@character_set_client */;
/*!50503 SET character_set_client = utf8mb4 */;
CREATE TABLE `streamingServices` (
  `id` varchar(50) NOT NULL,
  `name` varchar(50) DEFAULT NULL,
  `url` varchar(100) DEFAULT NULL,
  PRIMARY KEY (`id`)
) ENGINE=InnoDB DEFAULT CHARSET=utf8mb4 COLLATE=utf8mb4_0900_ai_ci;
/*!40101 SET character_set_client = @saved_cs_client */;

--
-- Dumping data for table `streamingServices`
--

LOCK TABLES `streamingServices` WRITE;
/*!40000 ALTER TABLE `streamingServices` DISABLE KEYS */;
INSERT INTO `streamingServices` VALUES ('SS1','Netflix','https://www.netflix.com'),('SS10','Spectrum TV','https://www.spectrum.com/cable-tv/on-demand'),('SS11','Peacock','https://www.peacocktv.com'),('SS12','Fubo','https://www.fubo.tv/welcome'),('SS13','ESPN','https://www.espn.com'),('SS14','Sling TV','https://www.sling.com'),('SS15','Paramount Plus','https://www.paramountplus.com'),('SS16','Disney Plus','https://www.disneyplus.com'),('SS2','Apple TV','https://tv.apple.com'),('SS3','HBO Max','https://www.max.com'),('SS4','Hulu','https://www.hulu.com'),('SS5','Prime Video','https://www.amazon.com/Amazon-Video'),('SS6','Google Play Movies','https://play.google.com/store/movies?hl=en_US'),('SS7','Vudu','https://www.vudu.com'),('SS8','Fandago','https://www.fandango.com'),('SS9','Youtube','https://www.youtube.com/feed/storefront');
/*!40000 ALTER TABLE `streamingServices` ENABLE KEYS */;
UNLOCK TABLES;

--
-- Table structure for table `user`
--

DROP TABLE IF EXISTS `user`;
/*!40101 SET @saved_cs_client     = @@character_set_client */;
/*!50503 SET character_set_client = utf8mb4 */;
CREATE TABLE `user` (
  `id` int NOT NULL,
  `email` varchar(50) DEFAULT NULL,
  `fname` varchar(50) DEFAULT NULL,
  `lname` varchar(50) DEFAULT NULL,
  PRIMARY KEY (`id`),
  UNIQUE KEY `email` (`email`)
) ENGINE=InnoDB DEFAULT CHARSET=utf8mb4 COLLATE=utf8mb4_0900_ai_ci;
/*!40101 SET character_set_client = @saved_cs_client */;

--
-- Dumping data for table `user`
--

LOCK TABLES `user` WRITE;
/*!40000 ALTER TABLE `user` DISABLE KEYS */;
INSERT INTO `user` VALUES (1,'salma.omran21@stjohns.edu','salma','omran'),(2,'justinee@yahoo.com','justine','eric'),(3,'orangeapple@gmail.com','sarah','jackson'),(4,'ilovegames@yahoo.com','anna','marie'),(5,'skyegeorge@icloud.com','skye','george'),(6,'plumsaretasty@gmail.com','maya','smith'),(7,'lucasjohnson@yahoo.com','lucas','johnson'),(8,'ethanpope29@icloud.com','ethan','pope'),(9,'juliechen00@gmail.com','julie','chen'),(10,'pink2puppies@icloud.com','lexi','oneill'),(11,'thomas_green@yahoo.com','thomas','green'),(12,'daniel.blue.takis@gmail.com','daniel','moore'),(13,'iloveroblox@igmail.com','maryam','peter'),(14,'sallyhansennails@yahoo.com','sally','hansen'),(15,'oatmealcookies@icloud.com','lana','delray'),(16,'taylorswift22@icloud.com','taylor','swift'),(17,'theweekndisbestie@yahoo.com','layla','obama'),(18,'icanthinkanymore@gmail.com','gabriel','holmes'),(19,'sherlock_holmes_66@gmail.com','sherlock','holmes'),(20,'columbiauniversity@yahoo.com','bernard','jones'),(21,'kittensarecute@icloud.com','mary','jane'),(22,'urmomisdumb51@gmail.com','jacob','sanchez'),(23,'miracletom_2001@icloud.com','miracle','tom'),(24,'michelleallen.4@yahoo.com','michelle','allen'),(25,'mysteryemail@gmail.com','joseph','alex');
/*!40000 ALTER TABLE `user` ENABLE KEYS */;
UNLOCK TABLES;

--
-- Table structure for table `watch`
--

DROP TABLE IF EXISTS `watch`;
/*!40101 SET @saved_cs_client     = @@character_set_client */;
/*!50503 SET character_set_client = utf8mb4 */;
CREATE TABLE `watch` (
  `user_id` int NOT NULL,
  `media_id` varchar(50) NOT NULL,
  `list_id` varchar(50) NOT NULL,
  PRIMARY KEY (`user_id`,`media_id`,`list_id`),
  KEY `media_id` (`media_id`),
  CONSTRAINT `watch_ibfk_1` FOREIGN KEY (`user_id`) REFERENCES `user` (`id`),
  CONSTRAINT `watch_ibfk_2` FOREIGN KEY (`media_id`) REFERENCES `media` (`id`)
) ENGINE=InnoDB DEFAULT CHARSET=utf8mb4 COLLATE=utf8mb4_0900_ai_ci;
/*!40101 SET character_set_client = @saved_cs_client */;

--
-- Dumping data for table `watch`
--

LOCK TABLES `watch` WRITE;
/*!40000 ALTER TABLE `watch` DISABLE KEYS */;
INSERT INTO `watch` VALUES (3,'M1','W3'),(1,'M11','W1'),(3,'M11','W3'),(7,'M11','W7'),(14,'M11','W14'),(21,'M11','W21'),(20,'M12','W20'),(10,'M13','W10'),(11,'M13','W11'),(21,'M13','W21'),(24,'M16','W24'),(11,'M17','W11'),(16,'M17','W16'),(17,'M17','W17'),(20,'M17','W20'),(22,'M17','W22'),(25,'M17','W25'),(12,'M18','W12'),(18,'M18','W18'),(25,'M18','W25'),(1,'M19','W1'),(18,'M19','W18'),(19,'M19','W19'),(22,'M19','W22'),(2,'M21','W2'),(9,'M21','W9'),(7,'M22','W7'),(9,'M22','W9'),(16,'M23','W16'),(19,'M23','W19'),(8,'M24','W8'),(24,'M25','W24'),(10,'M26','W10'),(19,'M26','W19'),(2,'M27','W2'),(6,'M27','W6'),(14,'M27','W14'),(23,'M27','W23'),(6,'M28','W6'),(8,'M28','W8'),(5,'M29','W5'),(13,'M29','W13'),(4,'M3','W4'),(17,'M3','W17'),(3,'M30','W3'),(5,'M30','W5'),(10,'M30','W10'),(13,'M30','W13'),(14,'M30','W14'),(23,'M30','W23'),(17,'M4','W17'),(1,'M7','W1'),(1,'M9','W1'),(12,'M9','W12'),(2,'T1','W2'),(8,'T1','W8'),(11,'T1','W11'),(15,'T1','W15'),(1,'T10','W1'),(16,'T10','W16'),(24,'T10','W24'),(6,'T12','W6'),(12,'T12','W12'),(25,'T12','W25'),(5,'T13','W5'),(7,'T13','W7'),(22,'T13','W22'),(24,'T13','W24'),(7,'T15','W7'),(13,'T15','W13'),(19,'T16','W19'),(3,'T17','W3'),(21,'T17','W21'),(4,'T18','W4'),(22,'T18','W22'),(23,'T18','W23'),(8,'T19','W8'),(9,'T19','W9'),(16,'T19','W16'),(18,'T19','W18'),(6,'T2','W6'),(2,'T20','W2'),(4,'T20','W4'),(18,'T20','W18'),(1,'T3','W1'),(4,'T3','W4'),(15,'T3','W15'),(15,'T4','W15'),(20,'T4','W20'),(14,'T5','W14'),(20,'T6','W20'),(21,'T6','W21'),(5,'T7','W5'),(11,'T7','W11'),(13,'T7','W13'),(17,'T7','W17'),(15,'T8','W15'),(23,'T8','W23'),(25,'T8','W25'),(1,'T9','W1'),(9,'T9','W9'),(10,'T9','W10'),(12,'T9','W12');
/*!40000 ALTER TABLE `watch` ENABLE KEYS */;
UNLOCK TABLES;
/*!40103 SET TIME_ZONE=@OLD_TIME_ZONE */;

/*!40101 SET SQL_MODE=@OLD_SQL_MODE */;
/*!40014 SET FOREIGN_KEY_CHECKS=@OLD_FOREIGN_KEY_CHECKS */;
/*!40014 SET UNIQUE_CHECKS=@OLD_UNIQUE_CHECKS */;
/*!40101 SET CHARACTER_SET_CLIENT=@OLD_CHARACTER_SET_CLIENT */;
/*!40101 SET CHARACTER_SET_RESULTS=@OLD_CHARACTER_SET_RESULTS */;
/*!40101 SET COLLATION_CONNECTION=@OLD_COLLATION_CONNECTION */;
/*!40111 SET SQL_NOTES=@OLD_SQL_NOTES */;

-- Dump completed on 2023-12-05 22:38:13
